,ct,ethnicity,population
0,36005000100,Puerto Rican,197.0
1,36005000200,Puerto Rican,1273.0
2,36005000400,Puerto Rican,2077.0
3,36005001600,Puerto Rican,1843.0
4,36005001901,Dominican,370.0
5,36005001902,Puerto Rican,445.0
6,36005001903,,
7,36005001904,,
8,36005002001,Puerto Rican,979.0
9,36005002002,Puerto Rican,1554.0
10,36005002300,Puerto Rican,1552.0
11,36005002400,,
12,36005002500,Puerto Rican,1137.0
13,36005002701,Puerto Rican,1217.0
14,36005002702,Puerto Rican,1393.0
15,36005002800,Puerto Rican,1434.0
16,36005003100,Puerto Rican,648.0
17,36005003300,Puerto Rican,1012.0
18,36005003500,Puerto Rican,1163.0
19,36005003700,Puerto Rican,144.0
20,36005003800,Dominican,515.0
21,36005003900,Mexican,2414.0
22,36005004001,Bangladeshi,340.0
23,36005004100,Puerto Rican,2297.0
24,36005004200,Dominican,2759.0
25,36005004300,Puerto Rican,1868.0
26,36005004400,Puerto Rican,1379.0
27,36005004600,Puerto Rican,740.0
28,36005004800,Dominican,1118.0
29,36005005001,Dominican,948.0
30,36005005002,Mexican,1499.0
31,36005005100,Dominican,2120.0
32,36005005200,Puerto Rican,720.0
33,36005005300,Dominican,1350.0
34,36005005400,Dominican,972.0
35,36005005600,Dominican,728.0
36,36005005902,Dominican,833.0
37,36005006000,Dominican,628.0
38,36005006100,S African African,452.0
39,36005006200,Puerto Rican,1662.0
40,36005006301,Dominican,1372.0
41,36005006302,,
42,36005006400,Dominican,888.0
43,36005006500,Dominican,1329.0
44,36005006700,Mexican,1784.0
45,36005006800,Puerto Rican,944.0
46,36005006900,Puerto Rican,1647.0
47,36005007000,Puerto Rican,844.0
48,36005007100,Dominican,600.0
49,36005007200,Bangladeshi,1612.0
50,36005007300,Puerto Rican,953.0
51,36005007400,Puerto Rican,1579.0
52,36005007500,Puerto Rican,2235.0
53,36005007600,Dominican,1315.0
54,36005007700,Mexican,540.0
55,36005007800,Dominican,1004.0
56,36005007900,Puerto Rican,1224.0
57,36005008300,Puerto Rican,1935.0
58,36005008400,Puerto Rican,892.0
59,36005008500,Puerto Rican,1596.0
60,36005008600,Puerto Rican,1031.0
61,36005008700,Dominican,2269.0
62,36005008900,Puerto Rican,820.0
63,36005009000,Puerto Rican,1425.0
64,36005009200,Puerto Rican,1618.0
65,36005009301,Dominican,1475.0
66,36005009302,Puerto Rican,38.0
67,36005009600,Puerto Rican,563.0
68,36005009800,Puerto Rican,1469.0
69,36005011000,,
70,36005011502,Puerto Rican,1502.0
71,36005011701,Dominican,461.0
72,36005011702,,
73,36005011800,Irish,1358.0
74,36005011900,Dominican,1415.0
75,36005012101,Dominican,1104.0
76,36005012102,Puerto Rican,492.0
77,36005012300,Dominican,958.0
78,36005012500,Dominican,1636.0
79,36005012701,Puerto Rican,870.0
80,36005012901,Dominican,2018.0
81,36005013000,Puerto Rican,275.0
82,36005013100,Dominican,1428.0
83,36005013200,Puerto Rican,1667.0
84,36005013300,Dominican,1735.0
85,36005013500,Puerto Rican,657.0
86,36005013800,Irish,666.0
87,36005014100,Dominican,1475.0
88,36005014300,Dominican,552.0
89,36005014400,Puerto Rican,2221.0
90,36005014500,Dominican,1091.0
91,36005014701,Puerto Rican,939.0
92,36005014702,Puerto Rican,1335.0
93,36005014900,Dominican,1415.0
94,36005015100,Dominican,1370.0
95,36005015200,Puerto Rican,766.0
96,36005015300,Dominican,1011.0
97,36005015500,Dominican,894.0
98,36005015700,Puerto Rican,1091.0
99,36005015800,Puerto Rican,412.0
100,36005015900,Dominican,1232.0
101,36005016000,Italian,1541.0
102,36005016100,Dominican,1293.0
103,36005016200,Puerto Rican,462.0
104,36005016300,,
105,36005016400,Italian,209.0
106,36005016500,S African African,397.0
107,36005016600,Puerto Rican,743.0
108,36005016700,Puerto Rican,784.0
109,36005016900,Dominican,369.0
110,36005017100,,
111,36005017300,Dominican,1212.0
112,36005017500,Dominican,1126.0
113,36005017701,Dominican,1180.0
114,36005017702,S African African,1409.0
115,36005017901,Dominican,2244.0
116,36005017902,Dominican,1805.0
117,36005018101,Dominican,946.0
118,36005018102,Dominican,1720.0
119,36005018301,Dominican,1200.0
120,36005018302,Dominican,542.0
121,36005018400,Puerto Rican,742.0
122,36005018501,Puerto Rican,963.0
123,36005018502,Dominican,2233.0
124,36005018900,Dominican,2841.0
125,36005019300,Dominican,1329.0
126,36005019400,Puerto Rican,607.0
127,36005019500,S African African,1795.0
128,36005019700,Mexican,2177.0
129,36005019900,Dominican,2441.0
130,36005020000,Dominican,1099.0
131,36005020100,Dominican,1771.0
132,36005020200,Puerto Rican,604.0
133,36005020400,Dominican,1041.0
134,36005020501,Dominican,3182.0
135,36005020502,Dominican,1203.0
136,36005020601,Bangladeshi,508.0
137,36005020900,Dominican,1874.0
138,36005021001,Puerto Rican,1490.0
139,36005021002,Bangladeshi,1118.0
140,36005021100,Dominican,2505.0
141,36005021200,Asian Indian,924.0
142,36005021301,Dominican,556.0
143,36005021302,Dominican,1578.0
144,36005021501,Dominican,2802.0
145,36005021502,Dominican,2778.0
146,36005021601,Dominican,1627.0
147,36005021602,Asian Indian,1249.0
148,36005021700,Dominican,1631.0
149,36005021800,Puerto Rican,1844.0
150,36005021900,Dominican,443.0
151,36005022000,Puerto Rican,436.0
152,36005022101,Dominican,1689.0
153,36005022102,Dominican,2435.0
154,36005022200,Asian Indian,764.0
155,36005022300,Dominican,2834.0
156,36005022401,Puerto Rican,652.0
157,36005022403,Dominican,531.0
158,36005022404,Dominican,1079.0
159,36005022500,Mexican,2772.0
160,36005022701,Dominican,1540.0
161,36005022702,Dominican,561.0
162,36005022703,Dominican,522.0
163,36005022800,Puerto Rican,1621.0
164,36005022901,Dominican,1537.0
165,36005022902,Dominican,1438.0
166,36005023000,Dominican,612.0
167,36005023100,S African African,400.0
168,36005023200,Dominican,429.0
169,36005023301,Dominican,1521.0
170,36005023302,Dominican,1808.0
171,36005023501,Dominican,1731.0
172,36005023502,Dominican,2021.0
173,36005023600,Dominican,481.0
174,36005023702,Dominican,359.0
175,36005023703,Dominican,1784.0
176,36005023704,Dominican,1510.0
177,36005023800,Dominican,687.0
178,36005023900,Dominican,3779.0
179,36005024000,Dominican,1223.0
180,36005024100,Dominican,2790.0
181,36005024300,Dominican,1936.0
182,36005024400,Puerto Rican,544.0
183,36005024501,Dominican,2549.0
184,36005024502,Dominican,1806.0
185,36005024600,Puerto Rican,337.0
186,36005024700,Dominican,447.0
187,36005024800,Dominican,720.0
188,36005024900,,
189,36005025000,Dominican,501.0
190,36005025100,Dominican,2293.0
191,36005025200,Dominican,654.0
192,36005025300,Dominican,2409.0
193,36005025400,Italian,459.0
194,36005025500,Dominican,3685.0
195,36005025600,Puerto Rican,333.0
196,36005025700,Dominican,1096.0
197,36005026100,Dominican,397.0
198,36005026300,Dominican,4289.0
199,36005026400,Puerto Rican,1349.0
200,36005026500,Dominican,3477.0
201,36005026601,Puerto Rican,1061.0
202,36005026602,Puerto Rican,1365.0
203,36005026701,Dominican,1439.0
204,36005026702,Dominican,3468.0
205,36005026900,Dominican,1489.0
206,36005027300,Dominican,3233.0
207,36005027401,Italian,1771.0
208,36005027402,Italian,1181.0
209,36005027600,Russian,8.0
210,36005027700,Dominican,2047.0
211,36005027900,Dominican,2094.0
212,36005028100,Puerto Rican,616.0
213,36005028300,Dominican,820.0
214,36005028400,Puerto Rican,52.0
215,36005028500,Dominican,787.0
216,36005028600,Italian,261.0
217,36005028700,Dominican,794.0
218,36005028800,Italian,1117.0
219,36005028900,Dominican,1419.0
220,36005029301,Puerto Rican,254.0
221,36005029302,Irish,657.0
222,36005029500,Dominican,1317.0
223,36005029600,Puerto Rican,555.0
224,36005029700,Eastern European,318.0
225,36005030000,Puerto Rican,1241.0
226,36005030100,Irish,216.0
227,36005030201,W Indians Jamaican,572.0
228,36005030202,S African African,1411.0
229,36005030701,Spaniard,525.0
230,36005030900,Polish,349.0
231,36005031000,Puerto Rican,976.0
232,36005031200,Dominican,327.0
233,36005031400,Dominican,605.0
234,36005031600,Italian,375.0
235,36005031800,Puerto Rican,335.0
236,36005031900,Italian,224.0
237,36005032300,Irish,474.0
238,36005032400,Puerto Rican,557.0
239,36005032600,Puerto Rican,517.0
240,36005032800,Puerto Rican,935.0
241,36005033000,Dominican,1006.0
242,36005033201,Puerto Rican,1039.0
243,36005033202,Puerto Rican,1001.0
244,36005033400,German,1.0
245,36005033500,Italian,276.0
246,36005033601,Dominican,875.0
247,36005033602,W Indians Jamaican,202.0
248,36005033700,Irish,477.0
249,36005033801,Dominican,399.0
250,36005033802,Mexican,394.0
251,36005034000,Dominican,1505.0
252,36005034200,Nigerian,258.0
253,36005034300,Dominican,369.0
254,36005034400,Dominican,347.0
255,36005034500,Dominican,982.0
256,36005034800,Puerto Rican,929.0
257,36005035000,W Indians Jamaican,320.0
258,36005035100,Dominican,689.0
259,36005035600,W Indians Jamaican,601.0
260,36005035800,W Indians Jamaican,2367.0
261,36005035900,Dominican,972.0
262,36005036000,Puerto Rican,369.0
263,36005036100,Puerto Rican,2300.0
264,36005036300,Dominican,2678.0
265,36005036400,W Indians Jamaican,794.0
266,36005036501,S African African,1055.0
267,36005036502,Dominican,839.0
268,36005036700,Dominican,883.0
269,36005036800,S African African,408.0
270,36005036901,Dominican,702.0
271,36005036902,Puerto Rican,591.0
272,36005037000,W Indians Jamaican,541.0
273,36005037100,Dominican,1191.0
274,36005037200,Dominican,388.0
275,36005037300,Dominican,1951.0
276,36005037400,Dominican,710.0
277,36005037504,Puerto Rican,912.0
278,36005037600,Dominican,333.0
279,36005037800,Puerto Rican,658.0
280,36005037900,Dominican,1675.0
281,36005038000,Puerto Rican,625.0
282,36005038100,Dominican,2854.0
283,36005038200,W Indians Jamaican,659.0
284,36005038301,Dominican,2016.0
285,36005038303,Dominican,874.0
286,36005038304,Puerto Rican,529.0
287,36005038500,Puerto Rican,1420.0
288,36005038600,W Indians Jamaican,3058.0
289,36005038700,Puerto Rican,897.0
290,36005038800,W Indians Jamaican,657.0
291,36005038900,Dominican,1342.0
292,36005039000,W Indians Jamaican,479.0
293,36005039100,Dominican,1596.0
294,36005039200,S African African,293.0
295,36005039300,Dominican,2279.0
296,36005039400,Dominican,845.0
297,36005039500,Dominican,1415.0
298,36005039600,W Indians Jamaican,1143.0
299,36005039700,Italian,525.0
300,36005039800,W Indians Jamaican,993.0
301,36005039901,Dominican,2690.0
302,36005039902,Dominican,2380.0
303,36005040100,Dominican,1656.0
304,36005040302,Dominican,2609.0
305,36005040303,Dominican,2469.0
306,36005040304,Dominican,2164.0
307,36005040400,W Indians Jamaican,1551.0
308,36005040501,Dominican,1367.0
309,36005040502,Dominican,2933.0
310,36005040600,W Indians Jamaican,1050.0
311,36005040701,Dominican,1027.0
312,36005040702,Dominican,2411.0
313,36005040800,Dominican,1141.0
314,36005040900,S African African,903.0
315,36005041100,Dominican,1085.0
316,36005041300,Dominican,3296.0
317,36005041400,W Indians Jamaican,1230.0
318,36005041500,Dominican,1785.0
319,36005041800,Dominican,846.0
320,36005041900,Dominican,1994.0
321,36005042000,Puerto Rican,764.0
322,36005042100,Dominican,1864.0
323,36005042200,S African African,570.0
324,36005042300,Mexican,1262.0
325,36005042400,W Indians Jamaican,776.0
326,36005042500,Dominican,2393.0
327,36005042600,W Indians Jamaican,2324.0
328,36005042800,W Indians Jamaican,758.0
329,36005042901,Dominican,695.0
330,36005042902,Dominican,1028.0
331,36005043000,Guyanese,539.0
332,36005043101,Dominican,1637.0
333,36005043102,Dominican,1178.0
334,36005043400,W Indians Jamaican,833.0
335,36005043501,Dominican,323.0
336,36005043502,,
337,36005043503,Puerto Rican,9.0
338,36005043600,Guyanese,403.0
339,36005044200,W Indians British West Indian,635.0
340,36005044400,W Indians Jamaican,830.0
341,36005044800,W Indians Jamaican,744.0
342,36005044901,Irish,697.0
343,36005044902,Irish,736.0
344,36005045101,Irish,801.0
345,36005045102,Irish,750.0
346,36005045600,Puerto Rican,725.0
347,36005045800,Puerto Rican,1670.0
348,36005046000,Puerto Rican,523.0
349,36005046203,Puerto Rican,1185.0
350,36005046204,Puerto Rican,974.0
351,36005046205,Puerto Rican,896.0
352,36005046206,W Indians Jamaican,714.0
353,36005046207,Puerto Rican,1230.0
354,36005046208,W Indians Jamaican,1317.0
355,36005046209,Puerto Rican,1140.0
356,36005048401,S African African,756.0
357,36005048402,,
358,36005050400,,
359,36005051601,Irish,1039.0
360,36005051602,,
361,36047000100,Irish,886.0
362,36047000200,Mexican,242.0
363,36047000301,Irish,643.0
364,36047000501,Irish,612.0
365,36047000502,Irish,532.0
366,36047000700,Irish,648.0
367,36047000900,German,616.0
368,36047001100,German,210.0
369,36047001300,Irish,379.0
370,36047001501,"Chinese, Except Taiwanese",671.0
371,36047001502,"Chinese, Except Taiwanese",910.0
372,36047001801,Dutch,11.0
373,36047001802,,
374,36047001803,German,1.0
375,36047001804,,
376,36047002000,Mexican,777.0
377,36047002100,English,987.0
378,36047002200,Puerto Rican,705.0
379,36047002300,"Chinese, Except Taiwanese",593.0
380,36047002901,"Chinese, Except Taiwanese",619.0
381,36047003000,"Chinese, Except Taiwanese",341.0
382,36047003101,"Chinese, Except Taiwanese",330.0
383,36047003102,,
384,36047003300,Japanese,267.0
385,36047003400,"Chinese, Except Taiwanese",490.0
386,36047003500,English,149.0
387,36047003600,Italian,542.0
388,36047003700,"Chinese, Except Taiwanese",585.0
389,36047003800,Irish,193.0
390,36047003900,Irish,405.0
391,36047004100,Irish,538.0
392,36047004300,Irish,391.0
393,36047004400,Irish,629.0
394,36047004500,Irish,534.0
395,36047004600,Italian,268.0
396,36047004700,Puerto Rican,233.0
397,36047004900,Italian,359.0
398,36047005000,Italian,538.0
399,36047005100,Italian,371.0
400,36047005201,Irish,352.0
401,36047005202,Italian,866.0
402,36047005301,Irish,394.0
403,36047005302,Mexican,56.0
404,36047005303,English,13.0
405,36047005400,Italian,609.0
406,36047005601,Irish,536.0
407,36047005602,Italian,436.0
408,36047005800,Italian,543.0
409,36047005900,Puerto Rican,235.0
410,36047006000,Mexican,367.0
411,36047006200,Arab Arab,444.0
412,36047006300,Irish,283.0
413,36047006400,Italian,729.0
414,36047006500,Italian,1040.0
415,36047006600,Puerto Rican,438.0
416,36047006700,English,526.0
417,36047006800,"Chinese, Except Taiwanese",511.0
418,36047006901,German,258.0
419,36047006902,English,273.0
420,36047007000,Puerto Rican,444.0
421,36047007100,Puerto Rican,1055.0
422,36047007200,Mexican,386.0
423,36047007400,"Chinese, Except Taiwanese",1480.0
424,36047007500,German,843.0
425,36047007600,Mexican,1493.0
426,36047007700,Irish,1368.0
427,36047007800,Mexican,2091.0
428,36047008000,Puerto Rican,1023.0
429,36047008200,Mexican,1072.0
430,36047008400,Dominican,845.0
431,36047008500,Puerto Rican,1818.0
432,36047008600,,
433,36047008800,Mexican,563.0
434,36047009001,Mexican,422.0
435,36047009002,Mexican,543.0
436,36047009201,"Chinese, Except Taiwanese",1235.0
437,36047009202,Mexican,468.0
438,36047009401,"Chinese, Except Taiwanese",1313.0
439,36047009402,"Chinese, Except Taiwanese",1418.0
440,36047009600,"Chinese, Except Taiwanese",1869.0
441,36047009800,"Chinese, Except Taiwanese",2634.0
442,36047010000,"Chinese, Except Taiwanese",2667.0
443,36047010100,Mexican,1102.0
444,36047010200,"Chinese, Except Taiwanese",3082.0
445,36047010401,"Chinese, Except Taiwanese",1727.0
446,36047010402,"Chinese, Except Taiwanese",1523.0
447,36047010601,"Chinese, Except Taiwanese",1616.0
448,36047010602,"Chinese, Except Taiwanese",2000.0
449,36047010801,"Chinese, Except Taiwanese",1373.0
450,36047010802,"Chinese, Except Taiwanese",1996.0
451,36047011000,"Chinese, Except Taiwanese",929.0
452,36047011200,"Chinese, Except Taiwanese",1192.0
453,36047011400,"Chinese, Except Taiwanese",1037.0
454,36047011600,"Chinese, Except Taiwanese",2553.0
455,36047011700,Mexican,779.0
456,36047011800,"Chinese, Except Taiwanese",1416.0
457,36047011901,Italian,166.0
458,36047011902,,
459,36047012000,"Chinese, Except Taiwanese",813.0
460,36047012100,Puerto Rican,379.0
461,36047012200,"Chinese, Except Taiwanese",1749.0
462,36047012600,"Chinese, Except Taiwanese",688.0
463,36047012700,Puerto Rican,792.0
464,36047012801,"Chinese, Except Taiwanese",895.0
465,36047012901,English,352.0
466,36047012902,"Chinese, Except Taiwanese",401.0
467,36047013000,Mexican,369.0
468,36047013100,German,383.0
469,36047013200,"Chinese, Except Taiwanese",673.0
470,36047013300,Irish,619.0
471,36047013400,"Chinese, Except Taiwanese",906.0
472,36047013500,English,587.0
473,36047013600,Irish,568.0
474,36047013700,Italian,330.0
475,36047013800,"Chinese, Except Taiwanese",412.0
476,36047013900,Irish,456.0
477,36047014000,Italian,525.0
478,36047014101,English,155.0
479,36047014102,Polish,284.0
480,36047014200,"Chinese, Except Taiwanese",553.0
481,36047014300,Italian,471.0
482,36047014500,English,774.0
483,36047014700,Irish,308.0
484,36047014800,"Chinese, Except Taiwanese",396.0
485,36047014901,Italian,285.0
486,36047014902,German,493.0
487,36047015000,Italian,499.0
488,36047015100,German,657.0
489,36047015200,"Chinese, Except Taiwanese",487.0
490,36047015300,German,322.0
491,36047015400,,
492,36047015500,Irish,359.0
493,36047015700,Italian,615.0
494,36047015900,German,956.0
495,36047016000,"Chinese, Except Taiwanese",671.0
496,36047016100,Irish,392.0
497,36047016200,Italian,521.0
498,36047016300,Irish,802.0
499,36047016400,German,207.0
500,36047016500,Irish,784.0
501,36047016600,Italian,737.0
502,36047016700,Irish,716.0
503,36047016800,"Chinese, Except Taiwanese",679.0
504,36047016900,Italian,1176.0
505,36047017000,"Chinese, Except Taiwanese",1302.0
506,36047017100,Italian,578.0
507,36047017200,"Chinese, Except Taiwanese",1142.0
508,36047017400,"Chinese, Except Taiwanese",902.0
509,36047017500,,
510,36047017600,"Chinese, Except Taiwanese",591.0
511,36047017700,,
512,36047017800,"Chinese, Except Taiwanese",947.0
513,36047017900,Puerto Rican,352.0
514,36047018000,"Chinese, Except Taiwanese",1095.0
515,36047018100,Irish,614.0
516,36047018200,"Chinese, Except Taiwanese",1589.0
517,36047018300,English,527.0
518,36047018400,"Chinese, Except Taiwanese",981.0
519,36047018501,Puerto Rican,830.0
520,36047018600,"Chinese, Except Taiwanese",904.0
521,36047018700,Mexican,146.0
522,36047018800,"Chinese, Except Taiwanese",823.0
523,36047019000,"Chinese, Except Taiwanese",1840.0
524,36047019100,French Ex Basque,373.0
525,36047019200,"Chinese, Except Taiwanese",852.0
526,36047019300,"Chinese, Except Taiwanese",461.0
527,36047019400,"Chinese, Except Taiwanese",2053.0
528,36047019500,Irish,314.0
529,36047019600,"Chinese, Except Taiwanese",1455.0
530,36047019700,Irish,371.0
531,36047019800,"Chinese, Except Taiwanese",737.0
532,36047019900,English,343.0
533,36047020000,"Chinese, Except Taiwanese",1010.0
534,36047020100,Irish,327.0
535,36047020200,Italian,519.0
536,36047020300,English,304.0
537,36047020400,Italian,474.0
538,36047020500,German,437.0
539,36047020600,"Chinese, Except Taiwanese",564.0
540,36047020700,Irish,786.0
541,36047020800,"Chinese, Except Taiwanese",1464.0
542,36047021000,"Chinese, Except Taiwanese",2279.0
543,36047021100,Puerto Rican,288.0
544,36047021200,"Chinese, Except Taiwanese",2404.0
545,36047021300,English,280.0
546,36047021400,"Chinese, Except Taiwanese",694.0
547,36047021500,Irish,1041.0
548,36047021600,Mexican,270.0
549,36047021700,German,371.0
550,36047021800,Mexican,264.0
551,36047021900,W Indians West Indian,540.0
552,36047022000,Puerto Rican,308.0
553,36047022100,W Indians West Indian,358.0
554,36047022200,European,525.0
555,36047022400,Polish,750.0
556,36047022600,European,412.0
557,36047022700,Italian,458.0
558,36047022800,Asian Indian,448.0
559,36047022900,Irish,320.0
560,36047023000,Mexican,531.0
561,36047023100,Irish,515.0
562,36047023200,Irish,443.0
563,36047023300,Dominican,526.0
564,36047023400,Polish,408.0
565,36047023500,Hungarian,1488.0
566,36047023600,Polish,633.0
567,36047023800,Polish,362.0
568,36047024000,Guatemalan,157.0
569,36047024100,Irish,174.0
570,36047024200,European,214.0
571,36047024300,English,279.0
572,36047024400,Mexican,365.0
573,36047024500,German,349.0
574,36047024600,"Chinese, Except Taiwanese",1041.0
575,36047024700,German,416.0
576,36047024800,"Chinese, Except Taiwanese",690.0
577,36047024900,German,387.0
578,36047025000,"Chinese, Except Taiwanese",1042.0
579,36047025100,W Indians Haitian,300.0
580,36047025200,"Chinese, Except Taiwanese",1531.0
581,36047025300,Polish,372.0
582,36047025400,"Chinese, Except Taiwanese",1270.0
583,36047025500,Dominican,1225.0
584,36047025600,"Chinese, Except Taiwanese",1650.0
585,36047025700,Mexican,1037.0
586,36047025800,"Chinese, Except Taiwanese",1531.0
587,36047025901,Mexican,230.0
588,36047025902,Dominican,710.0
589,36047026000,"Chinese, Except Taiwanese",1131.0
590,36047026100,Asian Indian,652.0
591,36047026200,"Chinese, Except Taiwanese",1192.0
592,36047026300,Italian,174.0
593,36047026400,"Chinese, Except Taiwanese",1567.0
594,36047026500,Dominican,419.0
595,36047026600,"Chinese, Except Taiwanese",1244.0
596,36047026700,Irish,325.0
597,36047026800,"Chinese, Except Taiwanese",1671.0
598,36047026900,Dominican,356.0
599,36047027000,"Chinese, Except Taiwanese",440.0
600,36047027100,W Indians Haitian,298.0
601,36047027200,"Chinese, Except Taiwanese",849.0
602,36047027300,Puerto Rican,213.0
603,36047027400,"Chinese, Except Taiwanese",997.0
604,36047027500,Irish,236.0
605,36047027600,"Chinese, Except Taiwanese",1392.0
606,36047027700,Puerto Rican,310.0
607,36047027800,"Chinese, Except Taiwanese",1056.0
608,36047027900,W Indians Jamaican,301.0
609,36047028000,"Chinese, Except Taiwanese",540.0
610,36047028100,Dominican,633.0
611,36047028200,"Chinese, Except Taiwanese",943.0
612,36047028300,Mexican,342.0
613,36047028400,"Chinese, Except Taiwanese",1132.0
614,36047028501,Mexican,61.0
615,36047028502,Dominican,562.0
616,36047028600,Pakistani,722.0
617,36047028700,Puerto Rican,751.0
618,36047028800,"Chinese, Except Taiwanese",1500.0
619,36047028900,S African African,496.0
620,36047029000,Italian,355.0
621,36047029100,W Indians West Indian,436.0
622,36047029200,"Chinese, Except Taiwanese",736.0
623,36047029300,Dominican,258.0
624,36047029400,"Chinese, Except Taiwanese",358.0
625,36047029500,German,186.0
626,36047029600,"Chinese, Except Taiwanese",1255.0
627,36047029700,Polish,228.0
628,36047029800,"Chinese, Except Taiwanese",1456.0
629,36047029900,W Indians West Indian,233.0
630,36047030000,"Chinese, Except Taiwanese",1914.0
631,36047030100,S African African,550.0
632,36047030200,"Chinese, Except Taiwanese",2214.0
633,36047030300,W Indians West Indian,405.0
634,36047030400,"Chinese, Except Taiwanese",1109.0
635,36047030500,"Chinese, Except Taiwanese",592.0
636,36047030600,"Chinese, Except Taiwanese",736.0
637,36047030700,Turkish,368.0
638,36047030800,"Chinese, Except Taiwanese",646.0
639,36047030900,S African African,286.0
640,36047031100,W Indians British West Indian,382.0
641,36047031300,W Indians Trinidadian and Tobagonian,578.0
642,36047031401,"Chinese, Except Taiwanese",1276.0
643,36047031402,,
644,36047031500,German,378.0
645,36047031701,African,379.0
646,36047031702,Irish,258.0
647,36047031900,W Indians Haitian,249.0
648,36047032100,W Indians Haitian,446.0
649,36047032300,W Indians West Indian,485.0
650,36047032500,S African African,717.0
651,36047032600,S African African,1254.0
652,36047032700,S African African,321.0
653,36047032800,"Chinese, Except Taiwanese",863.0
654,36047032900,W Indians Trinidadian and Tobagonian,485.0
655,36047033000,Puerto Rican,771.0
656,36047033100,W Indians Trinidadian and Tobagonian,437.0
657,36047033300,Dominican,289.0
658,36047033500,W Indians Haitian,207.0
659,36047033600,Russian,850.0
660,36047033701,Honduran,246.0
661,36047033702,German,66.0
662,36047033900,W Indians Jamaican,416.0
663,36047034000,Puerto Rican,242.0
664,36047034100,W Indians British West Indian,249.0
665,36047034200,Mexican,804.0
666,36047034300,Ecuadorian,408.0
667,36047034500,W Indians Jamaican,406.0
668,36047034700,W Indians Jamaican,419.0
669,36047034800,Mexican,784.0
670,36047034901,W Indians British West Indian,469.0
671,36047034902,W Indians Jamaican,467.0
672,36047035000,Russian,516.0
673,36047035101,Dominican,286.0
674,36047035102,Dominican,460.0
675,36047035200,Ukrainian,123.0
676,36047035301,W Indians Haitian,574.0
677,36047035302,W Indians West Indian,420.0
678,36047035400,Russian,989.0
679,36047035500,W Indians Haitian,804.0
680,36047035601,Ukrainian,605.0
681,36047035602,Russian,1603.0
682,36047035701,Guyanese,264.0
683,36047035702,,
684,36047035900,W Indians West Indian,865.0
685,36047036001,Ukrainian,816.0
686,36047036002,Russian,1075.0
687,36047036100,W Indians West Indian,320.0
688,36047036200,Pakistani,472.0
689,36047036300,W Indians West Indian,818.0
690,36047036400,Russian,238.0
691,36047036501,S African African,516.0
692,36047036502,Puerto Rican,595.0
693,36047036600,Mexican,561.0
694,36047036700,Dominican,496.0
695,36047036900,Puerto Rican,625.0
696,36047037000,"Chinese, Except Taiwanese",589.0
697,36047037100,S African African,552.0
698,36047037300,W Indians West Indian,536.0
699,36047037401,Ukrainian,656.0
700,36047037402,Ukrainian,828.0
701,36047037500,S African African,333.0
702,36047037700,Irish,255.0
703,36047037900,W Indians West Indian,598.0
704,36047038100,Dominican,392.0
705,36047038200,"Chinese, Except Taiwanese",900.0
706,36047038300,Dominican,553.0
707,36047038500,Guyanese,510.0
708,36047038600,"Chinese, Except Taiwanese",634.0
709,36047038700,Bangladeshi,524.0
710,36047038800,Ukrainian,631.0
711,36047038900,Puerto Rican,348.0
712,36047039000,Arab Syrian,358.0
713,36047039100,Puerto Rican,898.0
714,36047039200,Mexican,374.0
715,36047039300,Dominican,547.0
716,36047039400,Arab Syrian,108.0
717,36047039500,Dominican,329.0
718,36047039600,Italian,280.0
719,36047039700,Dominican,305.0
720,36047039800,"Chinese, Except Taiwanese",1128.0
721,36047039900,Dominican,830.0
722,36047040000,"Chinese, Except Taiwanese",950.0
723,36047040100,Salvadoran,401.0
724,36047040200,"Chinese, Except Taiwanese",1551.0
725,36047040300,Dominican,386.0
726,36047040400,"Chinese, Except Taiwanese",1322.0
727,36047040500,Spaniard,171.0
728,36047040600,"Chinese, Except Taiwanese",1629.0
729,36047040700,,
730,36047040800,"Chinese, Except Taiwanese",1691.0
731,36047040900,Puerto Rican,867.0
732,36047041000,"Chinese, Except Taiwanese",521.0
733,36047041100,Ecuadorian,368.0
734,36047041200,"Chinese, Except Taiwanese",566.0
735,36047041300,Dominican,538.0
736,36047041401,Russian,112.0
737,36047041402,Mexican,202.0
738,36047041500,Dominican,613.0
739,36047041600,Mexican,153.0
740,36047041700,Puerto Rican,708.0
741,36047041800,Arab Syrian,432.0
742,36047041900,Puerto Rican,1125.0
743,36047042000,Arab Syrian,239.0
744,36047042100,Puerto Rican,877.0
745,36047042200,Ecuadorian,288.0
746,36047042300,Mexican,588.0
747,36047042400,"Chinese, Except Taiwanese",1071.0
748,36047042500,Mexican,864.0
749,36047042600,"Chinese, Except Taiwanese",1276.0
750,36047042700,Ecuadorian,496.0
751,36047042800,"Chinese, Except Taiwanese",896.0
752,36047042900,Puerto Rican,1117.0
753,36047043000,"Chinese, Except Taiwanese",878.0
754,36047043100,Mexican,571.0
755,36047043200,"Chinese, Except Taiwanese",1293.0
756,36047043300,Puerto Rican,816.0
757,36047043400,"Chinese, Except Taiwanese",989.0
758,36047043500,Dominican,938.0
759,36047043600,"Chinese, Except Taiwanese",1729.0
760,36047043700,Dominican,1508.0
761,36047043800,Guatemalan,233.0
762,36047043900,Puerto Rican,1052.0
763,36047044000,Mexican,260.0
764,36047044100,Puerto Rican,1164.0
765,36047044200,Russian,186.0
766,36047044300,Ecuadorian,453.0
767,36047044400,Ukrainian,419.0
768,36047044500,Ecuadorian,865.0
769,36047044600,"Chinese, Except Taiwanese",665.0
770,36047044700,Irish,308.0
771,36047044800,Polish,107.0
772,36047044901,Puerto Rican,404.0
773,36047044902,,
774,36047045000,Arab Syrian,144.0
775,36047045200,Arab Syrian,131.0
776,36047045300,Puerto Rican,195.0
777,36047045400,Mexican,345.0
778,36047045600,Pakistani,288.0
779,36047045800,Arab Syrian,224.0
780,36047046000,Pakistani,538.0
781,36047046201,Ukrainian,244.0
782,36047046202,Uzbek,178.0
783,36047046400,Polish,121.0
784,36047046800,Polish,335.0
785,36047047000,European,59.0
786,36047047200,Hungarian,151.0
787,36047047400,Polish,387.0
788,36047047600,Polish,181.0
789,36047047700,Irish,593.0
790,36047047800,Polish,560.0
791,36047048000,Mexican,262.0
792,36047048100,Ecuadorian,460.0
793,36047048200,Pakistani,767.0
794,36047048400,African,254.0
795,36047048500,Dominican,308.0
796,36047048600,Asian Indian,680.0
797,36047048800,Asian Indian,566.0
798,36047048900,Puerto Rican,1139.0
799,36047049000,Uzbek,833.0
800,36047049100,"Chinese, Except Taiwanese",1942.0
801,36047049200,Bangladeshi,369.0
802,36047049301,Puerto Rican,864.0
803,36047049302,Puerto Rican,1806.0
804,36047049400,Russian,510.0
805,36047049500,Italian,421.0
806,36047049600,Mexican,439.0
807,36047049700,Italian,555.0
808,36047049800,"Chinese, Except Taiwanese",856.0
809,36047049900,Irish,392.0
810,36047050001,German,266.0
811,36047050002,Italian,250.0
812,36047050100,Italian,418.0
813,36047050202,Irish,300.0
814,36047050300,Italian,341.0
815,36047050401,Irish,331.0
816,36047050402,Irish,303.0
817,36047050500,Puerto Rican,922.0
818,36047050600,Bangladeshi,512.0
819,36047050700,Hungarian,1186.0
820,36047050801,W Indians Haitian,601.0
821,36047050803,W Indians Jamaican,277.0
822,36047050804,W Indians Jamaican,666.0
823,36047050900,Hungarian,753.0
824,36047051001,W Indians Haitian,680.0
825,36047051002,W Indians Haitian,574.0
826,36047051100,Puerto Rican,771.0
827,36047051200,W Indians Haitian,1049.0
828,36047051300,Puerto Rican,1090.0
829,36047051400,Mexican,601.0
830,36047051500,"Chinese, Except Taiwanese",282.0
831,36047051601,W Indians Haitian,609.0
832,36047051602,W Indians Haitian,690.0
833,36047051700,Italian,363.0
834,36047051800,Irish,370.0
835,36047051900,Irish,848.0
836,36047052000,Asian Indian,510.0
837,36047052300,Puerto Rican,1007.0
838,36047052500,Puerto Rican,560.0
839,36047052600,German,370.0
840,36047052700,Puerto Rican,1232.0
841,36047052800,Pakistani,284.0
842,36047052900,Hungarian,563.0
843,36047053000,Pakistani,331.0
844,36047053101,Romanian,274.0
845,36047053102,Hungarian,846.0
846,36047053200,"Chinese, Except Taiwanese",203.0
847,36047053300,Hungarian,675.0
848,36047053400,Pakistani,995.0
849,36047053500,Hungarian,789.0
850,36047053700,Hungarian,893.0
851,36047053800,Mexican,423.0
852,36047053900,Hungarian,353.0
853,36047054200,Mexican,392.0
854,36047054300,,
855,36047054400,Ukrainian,357.0
856,36047054500,Dominican,660.0
857,36047054600,Ukrainian,524.0
858,36047054700,European,596.0
859,36047054800,Turkish,228.0
860,36047054900,Eastern European,532.0
861,36047055000,Ukrainian,257.0
862,36047055100,Puerto Rican,984.0
863,36047055200,Ukrainian,674.0
864,36047055300,Irish,507.0
865,36047055400,Russian,640.0
866,36047055500,German,1163.0
867,36047055600,Ukrainian,185.0
868,36047055700,English,311.0
869,36047055800,"Chinese, Except Taiwanese",318.0
870,36047056000,Russian,486.0
871,36047056100,Polish,679.0
872,36047056200,Israeli,250.0
873,36047056301,German,730.0
874,36047056302,Puerto Rican,345.0
875,36047056400,"Chinese, Except Taiwanese",383.0
876,36047056500,German,435.0
877,36047056600,"Chinese, Except Taiwanese",532.0
878,36047056800,"Chinese, Except Taiwanese",341.0
879,36047056900,Polish,255.0
880,36047057000,"Chinese, Except Taiwanese",746.0
881,36047057100,Polish,1342.0
882,36047057200,African,897.0
883,36047057300,Polish,391.0
884,36047057400,"Chinese, Except Taiwanese",1491.0
885,36047057500,English,633.0
886,36047057600,"Chinese, Except Taiwanese",1245.0
887,36047057800,"Chinese, Except Taiwanese",720.0
888,36047057901,Italian,126.0
889,36047057902,,
890,36047058000,"Chinese, Except Taiwanese",948.0
891,36047058200,"Chinese, Except Taiwanese",334.0
892,36047058400,"Chinese, Except Taiwanese",564.0
893,36047058600,"Chinese, Except Taiwanese",1054.0
894,36047058800,"Chinese, Except Taiwanese",450.0
895,36047058901,Polish,505.0
896,36047058902,,
897,36047059000,"Chinese, Except Taiwanese",748.0
898,36047059100,Polish,877.0
899,36047059200,"Chinese, Except Taiwanese",678.0
900,36047059300,Polish,498.0
901,36047059402,"Chinese, Except Taiwanese",1167.0
902,36047059403,"Chinese, Except Taiwanese",1192.0
903,36047059404,"Chinese, Except Taiwanese",1195.0
904,36047059600,"Chinese, Except Taiwanese",420.0
905,36047059800,Ukrainian,761.0
906,36047060000,Russian,1272.0
907,36047060600,Ukrainian,375.0
908,36047060800,Ukrainian,558.0
909,36047061002,Russian,1031.0
910,36047061003,Mexican,582.0
911,36047061004,Russian,1015.0
912,36047061200,Ukrainian,145.0
913,36047061600,Ukrainian,173.0
914,36047062000,Russian,373.0
915,36047062200,Russian,265.0
916,36047062600,Russian,369.0
917,36047062800,Irish,1229.0
918,36047063200,"Chinese, Except Taiwanese",244.0
919,36047063600,Italian,258.0
920,36047063800,"Chinese, Except Taiwanese",367.0
921,36047064000,Italian,383.0
922,36047064200,Russian,352.0
923,36047064400,"Chinese, Except Taiwanese",325.0
924,36047064600,"Chinese, Except Taiwanese",250.0
925,36047064800,Italian,373.0
926,36047065000,Puerto Rican,174.0
927,36047065200,Italian,288.0
928,36047065400,Italian,425.0
929,36047065600,Italian,430.0
930,36047065800,"Chinese, Except Taiwanese",279.0
931,36047066000,Italian,905.0
932,36047066200,"Chinese, Except Taiwanese",329.0
933,36047066600,,
934,36047067000,W Indians Trinidadian and Tobagonian,306.0
935,36047067200,W Indians Jamaican,393.0
936,36047067400,W Indians West Indian,251.0
937,36047067600,W Indians Haitian,339.0
938,36047067800,W Indians Jamaican,576.0
939,36047068000,W Indians Haitian,502.0
940,36047068200,Puerto Rican,346.0
941,36047068600,Italian,276.0
942,36047068800,W Indians Haitian,246.0
943,36047069000,Mexican,292.0
944,36047069200,W Indians Haitian,370.0
945,36047069601,W Indians Haitian,599.0
946,36047069602,Italian,698.0
947,36047069800,Puerto Rican,175.0
948,36047070000,Italian,426.0
949,36047070201,Russian,1526.0
950,36047070202,English,9.0
951,36047070203,,
952,36047070601,Italian,907.0
953,36047070602,,
954,36047072000,W Indians Haitian,564.0
955,36047072200,W Indians Jamaican,453.0
956,36047072400,W Indians Haitian,328.0
957,36047072600,Guyanese,363.0
958,36047072800,W Indians Haitian,519.0
959,36047073000,S African African,332.0
960,36047073200,W Indians Haitian,445.0
961,36047073400,Guyanese,231.0
962,36047073600,W Indians Haitian,503.0
963,36047073800,Puerto Rican,332.0
964,36047074000,W Indians Haitian,635.0
965,36047074200,W Indians Haitian,348.0
966,36047074400,Eastern European,382.0
967,36047074600,"Chinese, Except Taiwanese",83.0
968,36047074800,W Indians Haitian,179.0
969,36047075000,European,189.0
970,36047075200,Polish,111.0
971,36047075400,Arab Egyptian,133.0
972,36047075600,Filipino,270.0
973,36047075800,Ukrainian,136.0
974,36047076000,Ukrainian,274.0
975,36047076200,Pakistani,597.0
976,36047076400,W Indians Haitian,385.0
977,36047076600,W Indians Haitian,569.0
978,36047076800,Polish,379.0
979,36047077000,W Indians Haitian,653.0
980,36047077200,W Indians Jamaican,512.0
981,36047077400,W Indians Haitian,752.0
982,36047077600,W Indians Jamaican,322.0
983,36047078000,W Indians Trinidadian and Tobagonian,385.0
984,36047078200,W Indians Haitian,728.0
985,36047078400,Guyanese,326.0
986,36047078601,W Indians Trinidadian and Tobagonian,377.0
987,36047078602,W Indians Haitian,496.0
988,36047078801,W Indians Jamaican,275.0
989,36047078802,W Indians Haitian,693.0
990,36047079001,W Indians Jamaican,227.0
991,36047079002,W Indians Haitian,740.0
992,36047079201,W Indians West Indian,220.0
993,36047079202,W Indians Haitian,457.0
994,36047079400,W Indians Haitian,437.0
995,36047079601,W Indians British West Indian,228.0
996,36047079602,Panamanian,906.0
997,36047079801,W Indians Jamaican,829.0
998,36047079802,S African African,510.0
999,36047080000,English,432.0
1000,36047080200,W Indians Jamaican,530.0
1001,36047080400,W Indians British West Indian,362.0
1002,36047080600,W Indians British West Indian,252.0
1003,36047080800,Puerto Rican,305.0
1004,36047081000,W Indians Jamaican,230.0
1005,36047081400,W Indians Jamaican,682.0
1006,36047081600,W Indians Haitian,597.0
1007,36047081800,W Indians Jamaican,548.0
1008,36047082000,S African African,644.0
1009,36047082200,W Indians Jamaican,555.0
1010,36047082400,W Indians Jamaican,687.0
1011,36047082600,W Indians Haitian,770.0
1012,36047082800,W Indians Haitian,955.0
1013,36047083000,W Indians Haitian,1184.0
1014,36047083200,W Indians Jamaican,378.0
1015,36047083400,Guyanese,361.0
1016,36047083600,W Indians Jamaican,439.0
1017,36047083800,W Indians Jamaican,472.0
1018,36047084000,W Indians Haitian,346.0
1019,36047084600,W Indians Jamaican,469.0
1020,36047084800,S African African,282.0
1021,36047085000,W Indians Jamaican,244.0
1022,36047085200,,
1023,36047085400,W Indians Haitian,474.0
1024,36047085600,W Indians Jamaican,570.0
1025,36047085800,Guyanese,304.0
1026,36047086000,W Indians Haitian,520.0
1027,36047086200,W Indians Haitian,418.0
1028,36047086400,W Indians Jamaican,566.0
1029,36047086600,W Indians Jamaican,707.0
1030,36047086800,W Indians Jamaican,633.0
1031,36047087000,W Indians Jamaican,577.0
1032,36047087200,W Indians Jamaican,530.0
1033,36047087401,Guyanese,394.0
1034,36047087600,W Indians Jamaican,307.0
1035,36047087800,W Indians Jamaican,499.0
1036,36047088001,S African African,484.0
1037,36047088002,Guyanese,162.0
1038,36047088200,W Indians Haitian,672.0
1039,36047088400,W Indians British West Indian,1419.0
1040,36047088600,Guyanese,325.0
1041,36047088800,W Indians Jamaican,915.0
1042,36047089000,W Indians Jamaican,1937.0
1043,36047089200,S African African,513.0
1044,36047089400,W Indians Jamaican,594.0
1045,36047089600,W Indians Jamaican,926.0
1046,36047089800,W Indians West Indian,251.0
1047,36047090000,W Indians Jamaican,687.0
1048,36047090200,Puerto Rican,282.0
1049,36047090600,Dominican,528.0
1050,36047090800,Mexican,479.0
1051,36047091000,Puerto Rican,1099.0
1052,36047091200,Puerto Rican,758.0
1053,36047091600,W Indians Trinidadian and Tobagonian,645.0
1054,36047091800,Dominican,900.0
1055,36047092000,Puerto Rican,147.0
1056,36047092200,Puerto Rican,414.0
1057,36047092400,Puerto Rican,276.0
1058,36047092800,W Indians Jamaican,501.0
1059,36047093000,W Indians Haitian,583.0
1060,36047093200,Puerto Rican,202.0
1061,36047093400,W Indians Jamaican,523.0
1062,36047093600,W Indians Jamaican,240.0
1063,36047093800,S African African,530.0
1064,36047094401,W Indians Haitian,426.0
1065,36047094402,W Indians Haitian,284.0
1066,36047094600,W Indians Jamaican,583.0
1067,36047095000,W Indians Haitian,728.0
1068,36047095400,W Indians Jamaican,1026.0
1069,36047095600,W Indians Haitian,1220.0
1070,36047095800,W Indians Haitian,646.0
1071,36047096000,,
1072,36047096200,W Indians Haitian,423.0
1073,36047096400,W Indians Jamaican,553.0
1074,36047096600,W Indians British West Indian,419.0
1075,36047096800,Puerto Rican,168.0
1076,36047097000,W Indians Jamaican,398.0
1077,36047097400,W Indians Haitian,259.0
1078,36047098200,Dominican,511.0
1079,36047098400,W Indians Jamaican,478.0
1080,36047098600,W Indians Jamaican,420.0
1081,36047098800,W Indians Haitian,333.0
1082,36047099000,W Indians Jamaican,425.0
1083,36047099200,W Indians British West Indian,365.0
1084,36047099400,W Indians Jamaican,484.0
1085,36047099600,W Indians Haitian,766.0
1086,36047099800,W Indians Jamaican,666.0
1087,36047100400,W Indians Jamaican,771.0
1088,36047100600,W Indians Haitian,596.0
1089,36047100800,W Indians Haitian,425.0
1090,36047101000,W Indians Haitian,418.0
1091,36047101200,W Indians Jamaican,549.0
1092,36047101400,W Indians Haitian,469.0
1093,36047101600,W Indians Jamaican,276.0
1094,36047101800,W Indians Jamaican,318.0
1095,36047102000,W Indians Haitian,449.0
1096,36047102200,W Indians West Indian,401.0
1097,36047102400,W Indians Haitian,436.0
1098,36047102600,W Indians Haitian,805.0
1099,36047102801,W Indians Jamaican,279.0
1100,36047102802,,
1101,36047103401,Puerto Rican,489.0
1102,36047103402,,
1103,36047105801,Puerto Rican,694.0
1104,36047105804,Puerto Rican,684.0
1105,36047107001,Puerto Rican,622.0
1106,36047107002,,
1107,36047107003,,
1108,36047107800,W Indians Jamaican,478.0
1109,36047109800,W Indians Jamaican,312.0
1110,36047110400,W Indians Trinidadian and Tobagonian,421.0
1111,36047110600,Puerto Rican,414.0
1112,36047111000,Puerto Rican,279.0
1113,36047111600,Puerto Rican,520.0
1114,36047111800,Asian Indian,448.0
1115,36047112000,Dominican,508.0
1116,36047112200,W Indians British West Indian,296.0
1117,36047112400,W Indians Jamaican,871.0
1118,36047112600,S African African,562.0
1119,36047112800,Puerto Rican,995.0
1120,36047113000,Dominican,492.0
1121,36047113200,W Indians Jamaican,361.0
1122,36047113400,Puerto Rican,345.0
1123,36047114201,Dominican,331.0
1124,36047114202,Dominican,802.0
1125,36047114400,Dominican,412.0
1126,36047114600,Dominican,959.0
1127,36047115000,S African African,768.0
1128,36047115200,Puerto Rican,1002.0
1129,36047115600,Puerto Rican,539.0
1130,36047115800,W Indians British West Indian,397.0
1131,36047116000,Dominican,532.0
1132,36047116200,Guyanese,388.0
1133,36047116400,Puerto Rican,581.0
1134,36047116600,Dominican,888.0
1135,36047116800,Dominican,631.0
1136,36047117000,Dominican,769.0
1137,36047117201,Dominican,658.0
1138,36047117202,Puerto Rican,761.0
1139,36047117400,Dominican,878.0
1140,36047117601,Dominican,1478.0
1141,36047117602,Dominican,923.0
1142,36047117800,Dominican,464.0
1143,36047118000,,
1144,36047118201,Ecuadorian,841.0
1145,36047118202,Dominican,1356.0
1146,36047118400,Dominican,1618.0
1147,36047118600,Asian Indian,512.0
1148,36047118800,Bangladeshi,1512.0
1149,36047119000,Dominican,623.0
1150,36047119200,Dominican,936.0
1151,36047119400,Bangladeshi,896.0
1152,36047119600,Bangladeshi,1152.0
1153,36047119800,Ecuadorian,1372.0
1154,36047120000,Asian Indian,677.0
1155,36047120200,Guyanese,405.0
1156,36047120801,Bangladeshi,528.0
1157,36047120802,S African African,1931.0
1158,36047120803,Puerto Rican,141.0
1159,36047121000,Dominican,809.0
1160,36047121400,Dominican,1126.0
1161,36047122000,W Indians Jamaican,994.0
1162,36047123700,Hungarian,2252.0
1163,36047150200,Italian,608.0
1164,36047152200,Pakistani,394.0
1165,36047990100,,
1166,36061000100,,
1167,36061000201,Puerto Rican,1296.0
1168,36061000202,Puerto Rican,2004.0
1169,36061000500,,
1170,36061000600,"Chinese, Except Taiwanese",4258.0
1171,36061000700,Irish,1586.0
1172,36061000800,"Chinese, Except Taiwanese",7133.0
1173,36061000900,Italian,246.0
1174,36061001001,Polish,221.0
1175,36061001002,Puerto Rican,2050.0
1176,36061001200,"Chinese, Except Taiwanese",748.0
1177,36061001300,"Chinese, Except Taiwanese",777.0
1178,36061001401,Irish,317.0
1179,36061001402,"Chinese, Except Taiwanese",1013.0
1180,36061001501,"Chinese, Except Taiwanese",1893.0
1181,36061001502,"Chinese, Except Taiwanese",1334.0
1182,36061001600,"Chinese, Except Taiwanese",4458.0
1183,36061001800,"Chinese, Except Taiwanese",2456.0
1184,36061002000,Puerto Rican,1606.0
1185,36061002100,"Chinese, Except Taiwanese",854.0
1186,36061002201,Puerto Rican,1323.0
1187,36061002202,Dominican,235.0
1188,36061002400,Puerto Rican,1273.0
1189,36061002500,"Chinese, Except Taiwanese",1531.0
1190,36061002601,Puerto Rican,1222.0
1191,36061002602,German,519.0
1192,36061002700,"Chinese, Except Taiwanese",864.0
1193,36061002800,Puerto Rican,1125.0
1194,36061002901,"Chinese, Except Taiwanese",85.0
1195,36061002902,"Chinese, Except Taiwanese",3124.0
1196,36061003001,Dominican,391.0
1197,36061003002,"Chinese, Except Taiwanese",503.0
1198,36061003100,"Chinese, Except Taiwanese",584.0
1199,36061003200,Irish,820.0
1200,36061003300,Irish,677.0
1201,36061003400,Irish,1014.0
1202,36061003601,Dominican,627.0
1203,36061003602,English,375.0
1204,36061003700,Asian Indian,544.0
1205,36061003800,Irish,1412.0
1206,36061003900,Asian Indian,659.0
1207,36061004001,Irish,399.0
1208,36061004002,Italian,931.0
1209,36061004100,"Chinese, Except Taiwanese",2321.0
1210,36061004200,"Chinese, Except Taiwanese",865.0
1211,36061004300,Italian,430.0
1212,36061004400,Irish,4556.0
1213,36061004500,Russian,134.0
1214,36061004700,English,542.0
1215,36061004800,English,725.0
1216,36061004900,English,868.0
1217,36061005000,English,485.0
1218,36061005200,Italian,366.0
1219,36061005400,Irish,523.0
1220,36061005501,"Chinese, Except Taiwanese",888.0
1221,36061005502,English,197.0
1222,36061005600,German,352.0
1223,36061005700,Russian,352.0
1224,36061005800,Italian,534.0
1225,36061005900,German,625.0
1226,36061006000,Irish,493.0
1227,36061006100,Thai,703.0
1228,36061006200,Italian,400.0
1229,36061006300,Irish,913.0
1230,36061006400,Polish,714.0
1231,36061006500,Irish,689.0
1232,36061006600,Italian,1481.0
1233,36061006700,English,981.0
1234,36061006800,Irish,1464.0
1235,36061006900,Italian,399.0
1236,36061007001,Irish,775.0
1237,36061007002,Irish,504.0
1238,36061007100,Irish,660.0
1239,36061007200,Irish,715.0
1240,36061007300,Irish,947.0
1241,36061007400,Italian,547.0
1242,36061007500,English,545.0
1243,36061007600,"Chinese, Except Taiwanese",418.0
1244,36061007700,Irish,891.0
1245,36061007800,Asian Indian,1011.0
1246,36061007900,English,722.0
1247,36061008000,Irish,692.0
1248,36061008100,Italian,1287.0
1249,36061008200,Italian,352.0
1250,36061008300,Puerto Rican,508.0
1251,36061008400,"Chinese, Except Taiwanese",293.0
1252,36061008601,Asian Indian,523.0
1253,36061008602,,
1254,36061008603,Irish,528.0
1255,36061008700,German,545.0
1256,36061008800,Italian,1007.0
1257,36061008900,Irish,852.0
1258,36061009000,"Chinese, Except Taiwanese",923.0
1259,36061009100,Russian,527.0
1260,36061009200,German,145.0
1261,36061009300,Irish,1364.0
1262,36061009400,Iranian,13.0
1263,36061009500,English,304.0
1264,36061009600,"Chinese, Except Taiwanese",69.0
1265,36061009700,Irish,798.0
1266,36061009800,"Chinese, Except Taiwanese",906.0
1267,36061009901,German,473.0
1268,36061009902,Irish,420.0
1269,36061009903,"Chinese, Except Taiwanese",187.0
1270,36061010000,Dominican,206.0
1271,36061010100,"Chinese, Except Taiwanese",333.0
1272,36061010200,Irish,103.0
1273,36061010300,"Chinese, Except Taiwanese",383.0
1274,36061010400,Italian,203.0
1275,36061010601,Irish,948.0
1276,36061010602,German,485.0
1277,36061010801,"Chinese, Except Taiwanese",576.0
1278,36061010802,German,331.0
1279,36061010803,Italian,268.0
1280,36061010900,Italian,21.0
1281,36061011000,Italian,1032.0
1282,36061011100,"Chinese, Except Taiwanese",634.0
1283,36061011201,Italian,140.0
1284,36061011202,Russian,64.0
1285,36061011203,Irish,114.0
1286,36061011300,Korean,14.0
1287,36061011401,Irish,194.0
1288,36061011402,German,230.0
1289,36061011500,"Chinese, Except Taiwanese",432.0
1290,36061011600,Italian,286.0
1291,36061011700,Italian,709.0
1292,36061011800,Irish,873.0
1293,36061011900,Puerto Rican,139.0
1294,36061012000,Russian,388.0
1295,36061012101,Irish,757.0
1296,36061012102,Puerto Rican,656.0
1297,36061012200,English,317.0
1298,36061012400,Irish,917.0
1299,36061012500,Asian Indian,381.0
1300,36061012601,Irish,916.0
1301,36061012602,German,710.0
1302,36061012700,Irish,1081.0
1303,36061012800,Russian,567.0
1304,36061012901,"Chinese, Except Taiwanese",1207.0
1305,36061012902,Polish,290.0
1306,36061013000,German,400.0
1307,36061013100,"Chinese, Except Taiwanese",397.0
1308,36061013201,Italian,377.0
1309,36061013202,Italian,306.0
1310,36061013203,Israeli,331.0
1311,36061013300,Irish,801.0
1312,36061013400,Italian,957.0
1313,36061013501,"Chinese, Except Taiwanese",489.0
1314,36061013502,Irish,836.0
1315,36061013601,European,243.0
1316,36061013602,European,1408.0
1317,36061013603,Irish,491.0
1318,36061013604,Irish,692.0
1319,36061013700,Irish,806.0
1320,36061013800,Italian,1250.0
1321,36061013900,Italian,1060.0
1322,36061014000,German,1068.0
1323,36061014200,English,544.0
1324,36061014300,,
1325,36061014401,Eastern European,651.0
1326,36061014402,Irish,881.0
1327,36061014500,"Chinese, Except Taiwanese",701.0
1328,36061014601,English,716.0
1329,36061014602,Irish,1366.0
1330,36061014700,Italian,326.0
1331,36061014801,Irish,381.0
1332,36061014802,German,689.0
1333,36061014900,Italian,529.0
1334,36061015001,German,262.0
1335,36061015002,Russian,564.0
1336,36061015101,Puerto Rican,529.0
1337,36061015102,"Chinese, Except Taiwanese",864.0
1338,36061015200,Puerto Rican,822.0
1339,36061015301,German,520.0
1340,36061015302,German,568.0
1341,36061015401,Italian,753.0
1342,36061015402,Irish,540.0
1343,36061015403,Irish,1124.0
1344,36061015501,Asian Indian,452.0
1345,36061015502,German,431.0
1346,36061015601,Irish,583.0
1347,36061015602,Puerto Rican,422.0
1348,36061015700,Russian,1242.0
1349,36061015801,Irish,830.0
1350,36061015802,Irish,389.0
1351,36061015900,Polish,604.0
1352,36061016001,Irish,519.0
1353,36061016002,Dominican,507.0
1354,36061016100,German,877.0
1355,36061016200,Puerto Rican,1290.0
1356,36061016300,German,1417.0
1357,36061016400,Puerto Rican,2105.0
1358,36061016500,English,763.0
1359,36061016600,Puerto Rican,955.0
1360,36061016700,German,667.0
1361,36061016800,Puerto Rican,1017.0
1362,36061016900,Italian,1132.0
1363,36061017000,Puerto Rican,2133.0
1364,36061017100,Irish,981.0
1365,36061017200,Puerto Rican,1154.0
1366,36061017300,Italian,942.0
1367,36061017401,Dominican,867.0
1368,36061017402,"Chinese, Except Taiwanese",370.0
1369,36061017500,German,1287.0
1370,36061017700,Russian,1612.0
1371,36061017800,Puerto Rican,643.0
1372,36061017900,Eastern European,1959.0
1373,36061018000,Puerto Rican,1400.0
1374,36061018100,Irish,922.0
1375,36061018200,Dominican,1112.0
1376,36061018300,German,869.0
1377,36061018400,Puerto Rican,1829.0
1378,36061018500,German,471.0
1379,36061018600,Dominican,923.0
1380,36061018700,Eastern European,1348.0
1381,36061018800,Mexican,1223.0
1382,36061018900,Dominican,1574.0
1383,36061019000,S African African,470.0
1384,36061019100,Eastern European,1014.0
1385,36061019200,Puerto Rican,1189.0
1386,36061019300,Dominican,2077.0
1387,36061019400,Puerto Rican,1569.0
1388,36061019500,"Chinese, Except Taiwanese",451.0
1389,36061019600,Puerto Rican,902.0
1390,36061019701,Puerto Rican,174.0
1391,36061019702,Dominican,170.0
1392,36061019800,German,316.0
1393,36061019900,German,880.0
1394,36061020000,Irish,247.0
1395,36061020101,"Chinese, Except Taiwanese",249.0
1396,36061020102,W Indians Haitian,298.0
1397,36061020300,"Chinese, Except Taiwanese",734.0
1398,36061020500,"Chinese, Except Taiwanese",565.0
1399,36061020600,Polish,302.0
1400,36061020701,"Chinese, Except Taiwanese",432.0
1401,36061020800,S African African,1138.0
1402,36061020901,Dominican,856.0
1403,36061021000,Dominican,920.0
1404,36061021100,"Chinese, Except Taiwanese",988.0
1405,36061021200,S African African,395.0
1406,36061021303,Dominican,1417.0
1407,36061021400,English,98.0
1408,36061021500,S African African,372.0
1409,36061021600,S African African,1199.0
1410,36061021703,German,40.0
1411,36061021800,S African African,556.0
1412,36061021900,Dominican,1372.0
1413,36061022000,German,508.0
1414,36061022102,Dominican,317.0
1415,36061022200,Puerto Rican,400.0
1416,36061022301,Dominican,2884.0
1417,36061022302,Dominican,1413.0
1418,36061022400,Dominican,865.0
1419,36061022500,Dominican,3453.0
1420,36061022600,Dominican,952.0
1421,36061022700,Dominican,681.0
1422,36061022800,Puerto Rican,654.0
1423,36061022900,Dominican,3335.0
1424,36061023000,S African African,1640.0
1425,36061023100,Dominican,2385.0
1426,36061023200,Mexican,1111.0
1427,36061023300,Dominican,2399.0
1428,36061023400,S African African,832.0
1429,36061023501,Dominican,1548.0
1430,36061023502,S African African,214.0
1431,36061023600,Dominican,1809.0
1432,36061023700,Dominican,1860.0
1433,36061023802,"Chinese, Except Taiwanese",614.0
1434,36061023803,Pakistani,361.0
1435,36061023804,Japanese,428.0
1436,36061023900,Dominican,580.0
1437,36061024000,Puerto Rican,113.0
1438,36061024100,Dominican,3022.0
1439,36061024200,Puerto Rican,1133.0
1440,36061024301,Dominican,1664.0
1441,36061024302,Dominican,1988.0
1442,36061024500,Dominican,5933.0
1443,36061024700,Dominican,2974.0
1444,36061024900,Dominican,498.0
1445,36061025100,Dominican,1431.0
1446,36061025300,Dominican,5564.0
1447,36061025500,Dominican,1504.0
1448,36061025700,German,291.0
1449,36061025900,Dominican,598.0
1450,36061026100,Dominican,7285.0
1451,36061026300,Dominican,4208.0
1452,36061026500,Ecuadorian,1545.0
1453,36061026700,Dominican,507.0
1454,36061026900,Dominican,4365.0
1455,36061027100,Dominican,3152.0
1456,36061027300,German,955.0
1457,36061027500,Irish,403.0
1458,36061027700,Dominican,3830.0
1459,36061027900,Dominican,4846.0
1460,36061028100,Irish,421.0
1461,36061028300,Dominican,4568.0
1462,36061028500,Dominican,4780.0
1463,36061028700,Dominican,1500.0
1464,36061029100,Dominican,6560.0
1465,36061029300,Dominican,6437.0
1466,36061029500,Dominican,3277.0
1467,36061029700,Ecuadorian,2.0
1468,36061029900,Dominican,1854.0
1469,36061030300,Dominican,1205.0
1470,36061030700,Irish,460.0
1471,36061030900,Dominican,4687.0
1472,36061031100,,
1473,36061031703,"Chinese, Except Taiwanese",447.0
1474,36061031704,"Chinese, Except Taiwanese",1245.0
1475,36061031900,,
1476,36081000101,"Chinese, Except Taiwanese",711.0
1477,36081000102,Irish,874.0
1478,36081000103,German,17.0
1479,36081000104,Peruvian,64.0
1480,36081000200,Puerto Rican,336.0
1481,36081000400,Dominican,1125.0
1482,36081000600,Dominican,972.0
1483,36081000701,"Chinese, Except Taiwanese",519.0
1484,36081000702,"Chinese, Except Taiwanese",383.0
1485,36081000800,"Chinese, Except Taiwanese",642.0
1486,36081001000,Mexican,945.0
1487,36081001200,Dominican,1188.0
1488,36081001400,Dominican,652.0
1489,36081001600,Dominican,542.0
1490,36081001800,Dominican,618.0
1491,36081001901,Filipino,332.0
1492,36081001902,"Chinese, Except Taiwanese",1466.0
1493,36081001903,"Chinese, Except Taiwanese",348.0
1494,36081002000,Dominican,343.0
1495,36081002200,Dominican,309.0
1496,36081002400,Ecuadorian,300.0
1497,36081002500,Bangladeshi,789.0
1498,36081002600,Guyanese,290.0
1499,36081002800,Asian Indian,480.0
1500,36081003000,Puerto Rican,341.0
1501,36081003100,Irish,193.0
1502,36081003200,Mexican,227.0
1503,36081003301,"Chinese, Except Taiwanese",593.0
1504,36081003302,Asian Indian,178.0
1505,36081003400,Dominican,557.0
1506,36081003600,Ecuadorian,592.0
1507,36081003700,,
1508,36081003800,Dominican,387.0
1509,36081003900,Puerto Rican,433.0
1510,36081004001,Dominican,399.0
1511,36081004002,Bangladeshi,268.0
1512,36081004200,Asian Indian,1555.0
1513,36081004300,Puerto Rican,341.0
1514,36081004401,Asian Indian,1160.0
1515,36081004500,"Chinese, Except Taiwanese",271.0
1516,36081004700,Puerto Rican,610.0
1517,36081005000,,
1518,36081005100,Bangladeshi,464.0
1519,36081005200,Asian Indian,840.0
1520,36081005300,Irish,429.0
1521,36081005400,Puerto Rican,741.0
1522,36081005500,Mexican,144.0
1523,36081005700,Mexican,358.0
1524,36081005800,Italian,1081.0
1525,36081005900,Mexican,524.0
1526,36081006100,Irish,653.0
1527,36081006201,Italian,970.0
1528,36081006202,Puerto Rican,1270.0
1529,36081006300,Irish,763.0
1530,36081006501,Mexican,539.0
1531,36081006502,Italian,432.0
1532,36081006900,Italian,628.0
1533,36081007100,Italian,331.0
1534,36081007300,Mexican,378.0
1535,36081007500,Irish,395.0
1536,36081007700,Italian,216.0
1537,36081007900,Asian Indian,333.0
1538,36081008100,Italian,203.0
1539,36081008300,Ecuadorian,427.0
1540,36081008500,Arab Egyptian,187.0
1541,36081008600,Mexican,464.0
1542,36081008700,Dominican,528.0
1543,36081008800,Puerto Rican,589.0
1544,36081009100,Italian,334.0
1545,36081009400,Asian Indian,1102.0
1546,36081009500,Greek,321.0
1547,36081009600,Guyanese,1058.0
1548,36081009700,Italian,543.0
1549,36081009800,Asian Indian,773.0
1550,36081009900,,
1551,36081010000,Asian Indian,1216.0
1552,36081010100,Italian,426.0
1553,36081010200,Asian Indian,1393.0
1554,36081010300,Greek,511.0
1555,36081010400,Guyanese,754.0
1556,36081010500,Arab Egyptian,544.0
1557,36081010600,Asian Indian,656.0
1558,36081010701,,
1559,36081010800,Asian Indian,1180.0
1560,36081011000,Guyanese,515.0
1561,36081011100,Italian,556.0
1562,36081011200,Asian Indian,664.0
1563,36081011300,Italian,656.0
1564,36081011400,Mexican,669.0
1565,36081011500,Greek,346.0
1566,36081011600,Asian Indian,547.0
1567,36081011700,Italian,594.0
1568,36081011800,Asian Indian,986.0
1569,36081011900,Italian,184.0
1570,36081012000,Asian Indian,1073.0
1571,36081012100,Italian,374.0
1572,36081012200,Asian Indian,687.0
1573,36081012301,Greek,581.0
1574,36081012400,Asian Indian,609.0
1575,36081012500,Irish,223.0
1576,36081012601,Dominican,474.0
1577,36081012602,Asian Indian,474.0
1578,36081012800,Argentinean,320.0
1579,36081013000,Italian,269.0
1580,36081013200,Puerto Rican,204.0
1581,36081013400,Asian Indian,550.0
1582,36081013500,Italian,155.0
1583,36081013600,Filipino,169.0
1584,36081013700,Italian,568.0
1585,36081013800,Pakistani,715.0
1586,36081014000,Dominican,442.0
1587,36081014100,Irish,160.0
1588,36081014201,Asian Indian,1398.0
1589,36081014202,Guyanese,395.0
1590,36081014300,German,597.0
1591,36081014400,Asian Indian,479.0
1592,36081014500,Italian,363.0
1593,36081014700,Irish,403.0
1594,36081014800,Asian Indian,442.0
1595,36081014900,Mexican,316.0
1596,36081015000,Asian Indian,586.0
1597,36081015100,Italian,466.0
1598,36081015200,Asian Indian,576.0
1599,36081015300,"Chinese, Except Taiwanese",167.0
1600,36081015400,Asian Indian,681.0
1601,36081015500,"Chinese, Except Taiwanese",382.0
1602,36081015600,Asian Indian,1059.0
1603,36081015700,Mexican,234.0
1604,36081015801,Asian Indian,1467.0
1605,36081015802,Asian Indian,973.0
1606,36081015900,Italian,309.0
1607,36081016100,Ecuadorian,285.0
1608,36081016300,Dominican,1074.0
1609,36081016400,Asian Indian,909.0
1610,36081016600,Asian Indian,1368.0
1611,36081016800,Asian Indian,994.0
1612,36081016900,Irish,720.0
1613,36081017000,Asian Indian,813.0
1614,36081017101,,
1615,36081017102,Panamanian,11.0
1616,36081017200,Asian Indian,596.0
1617,36081017400,Asian Indian,882.0
1618,36081017600,Asian Indian,415.0
1619,36081017800,Asian Indian,872.0
1620,36081017901,Colombian,138.0
1621,36081017902,Cuban,16.0
1622,36081018000,Asian Indian,345.0
1623,36081018101,Mexican,399.0
1624,36081018102,"Chinese, Except Taiwanese",420.0
1625,36081018200,W Indians Jamaican,472.0
1626,36081018300,Colombian,528.0
1627,36081018401,W Indians Jamaican,328.0
1628,36081018402,W Indians Haitian,357.0
1629,36081018501,Ecuadorian,400.0
1630,36081018502,Irish,355.0
1631,36081018600,W Indians Haitian,188.0
1632,36081018700,Bangladeshi,607.0
1633,36081018800,Dominican,103.0
1634,36081018900,Bangladeshi,545.0
1635,36081019000,Guyanese,598.0
1636,36081019200,Guyanese,393.0
1637,36081019400,Guyanese,521.0
1638,36081019600,W Indians Jamaican,829.0
1639,36081019800,Bangladeshi,452.0
1640,36081019901,Mexican,54.0
1641,36081019902,Dominican,17.0
1642,36081019903,,
1643,36081020200,Guyanese,320.0
1644,36081020400,Bangladeshi,211.0
1645,36081020500,Ecuadorian,342.0
1646,36081020600,Guyanese,221.0
1647,36081020800,Portuguese,488.0
1648,36081021200,Puerto Rican,335.0
1649,36081021400,Bangladeshi,913.0
1650,36081021601,"Chinese, Except Taiwanese",407.0
1651,36081021602,Colombian,289.0
1652,36081021603,,
1653,36081021900,,
1654,36081022001,Ecuadorian,509.0
1655,36081022002,"Chinese, Except Taiwanese",712.0
1656,36081022900,,
1657,36081023000,Greek,319.0
1658,36081023200,Guyanese,542.0
1659,36081023501,Mexican,697.0
1660,36081023502,Ecuadorian,583.0
1661,36081023600,Bangladeshi,700.0
1662,36081023800,Bangladeshi,1200.0
1663,36081024000,Bangladeshi,1052.0
1664,36081024300,Mexican,788.0
1665,36081024500,Nepalese,645.0
1666,36081024600,,
1667,36081024700,"Chinese, Except Taiwanese",240.0
1668,36081024900,Mexican,953.0
1669,36081025100,Irish,913.0
1670,36081025301,Ecuadorian,554.0
1671,36081025302,Mexican,1033.0
1672,36081025401,Bangladeshi,804.0
1673,36081025402,Bangladeshi,844.0
1674,36081025500,Irish,245.0
1675,36081025700,Asian Indian,290.0
1676,36081025800,Bangladeshi,637.0
1677,36081025900,Colombian,433.0
1678,36081026000,Bangladeshi,230.0
1679,36081026100,Bangladeshi,1364.0
1680,36081026200,Bangladeshi,291.0
1681,36081026300,Filipino,1145.0
1682,36081026400,W Indians Jamaican,321.0
1683,36081026501,Asian Indian,394.0
1684,36081026502,Mexican,414.0
1685,36081026600,W Indians Jamaican,532.0
1686,36081026700,Thai,544.0
1687,36081026901,Ecuadorian,1243.0
1688,36081026902,"Chinese, Except Taiwanese",598.0
1689,36081027000,Guyanese,351.0
1690,36081027101,Mexican,720.0
1691,36081027102,Ecuadorian,1093.0
1692,36081027200,W Indians Jamaican,280.0
1693,36081027301,Ecuadorian,1101.0
1694,36081027302,Dominican,895.0
1695,36081027400,W Indians Jamaican,288.0
1696,36081027500,Ecuadorian,1614.0
1697,36081027600,W Indians Jamaican,271.0
1698,36081027701,Mexican,787.0
1699,36081027702,Dominican,613.0
1700,36081027800,W Indians Jamaican,246.0
1701,36081027900,Mexican,2267.0
1702,36081028000,Puerto Rican,198.0
1703,36081028100,Colombian,1513.0
1704,36081028200,Guyanese,266.0
1705,36081028300,Colombian,1188.0
1706,36081028400,W Indians Jamaican,441.0
1707,36081028500,Ecuadorian,544.0
1708,36081028700,Mexican,783.0
1709,36081028801,Guyanese,213.0
1710,36081028802,W Indians Haitian,280.0
1711,36081028803,,
1712,36081028900,Asian Indian,527.0
1713,36081029100,Bangladeshi,1437.0
1714,36081029300,"Chinese, Except Taiwanese",338.0
1715,36081029400,W Indians Jamaican,1551.0
1716,36081029500,"Chinese, Except Taiwanese",478.0
1717,36081029700,Mexican,504.0
1718,36081029900,,
1719,36081030600,W Indians Jamaican,624.0
1720,36081030903,"Chinese, Except Taiwanese",1152.0
1721,36081030904,Colombian,388.0
1722,36081030905,Asian Indian,625.0
1723,36081030906,Asian Indian,452.0
1724,36081031700,Greek,1042.0
1725,36081032000,W Indians Jamaican,1144.0
1726,36081032700,Mexican,751.0
1727,36081032800,W Indians Jamaican,1068.0
1728,36081032900,Asian Indian,558.0
1729,36081033000,W Indians Jamaican,956.0
1730,36081033100,,
1731,36081033401,W Indians Jamaican,1043.0
1732,36081033403,W Indians Jamaican,598.0
1733,36081033404,W Indians Jamaican,997.0
1734,36081033405,W Indians Haitian,628.0
1735,36081033700,"Chinese, Except Taiwanese",597.0
1736,36081033900,Colombian,423.0
1737,36081034700,Ecuadorian,701.0
1738,36081035100,Colombian,678.0
1739,36081035200,W Indians Jamaican,556.0
1740,36081035300,Dominican,287.0
1741,36081035700,Dominican,845.0
1742,36081035800,W Indians Jamaican,850.0
1743,36081036100,Ecuadorian,550.0
1744,36081036300,Ecuadorian,471.0
1745,36081036500,Mexican,899.0
1746,36081036600,W Indians Jamaican,905.0
1747,36081036700,Ecuadorian,558.0
1748,36081036800,W Indians Jamaican,640.0
1749,36081037100,Dominican,337.0
1750,36081037300,Mexican,543.0
1751,36081037501,Mexican,626.0
1752,36081037502,Ecuadorian,531.0
1753,36081037600,W Indians Jamaican,1498.0
1754,36081037700,Ecuadorian,2377.0
1755,36081037900,Mexican,2291.0
1756,36081038100,Mexican,1950.0
1757,36081038301,,
1758,36081038302,,
1759,36081038400,W Indians Jamaican,752.0
1760,36081039400,W Indians Jamaican,722.0
1761,36081039800,W Indians Jamaican,388.0
1762,36081039901,Ecuadorian,555.0
1763,36081039902,Ecuadorian,603.0
1764,36081040000,W Indians Jamaican,142.0
1765,36081040101,Mexican,747.0
1766,36081040102,Ecuadorian,1725.0
1767,36081040200,W Indians West Indian,270.0
1768,36081040301,Mexican,944.0
1769,36081040302,Ecuadorian,1267.0
1770,36081040400,W Indians Jamaican,866.0
1771,36081040501,Ecuadorian,411.0
1772,36081040502,Dominican,468.0
1773,36081040701,Mexican,1213.0
1774,36081040702,Ecuadorian,1881.0
1775,36081040901,Ecuadorian,1032.0
1776,36081040902,Ecuadorian,1384.0
1777,36081041100,Dominican,981.0
1778,36081041300,Ecuadorian,1166.0
1779,36081041400,Guyanese,1144.0
1780,36081041500,Ecuadorian,1174.0
1781,36081042400,Guyanese,332.0
1782,36081042600,Puerto Rican,48.0
1783,36081042700,Ecuadorian,1324.0
1784,36081043200,W Indians Jamaican,379.0
1785,36081043400,W Indians Jamaican,711.0
1786,36081043701,Ecuadorian,606.0
1787,36081043702,"Chinese, Except Taiwanese",1177.0
1788,36081043900,Mexican,1121.0
1789,36081044000,Puerto Rican,505.0
1790,36081044301,Mexican,1035.0
1791,36081044302,Mexican,1082.0
1792,36081044400,Guyanese,640.0
1793,36081044601,Guatemalan,632.0
1794,36081044602,Bangladeshi,1171.0
1795,36081044800,Bangladeshi,653.0
1796,36081045000,Bangladeshi,658.0
1797,36081045200,Bangladeshi,264.0
1798,36081045400,Bangladeshi,2057.0
1799,36081045500,S African African,1933.0
1800,36081045600,Bangladeshi,385.0
1801,36081045700,"Chinese, Except Taiwanese",1172.0
1802,36081045800,Bangladeshi,788.0
1803,36081045900,Mexican,724.0
1804,36081046000,Bangladeshi,1313.0
1805,36081046100,"Chinese, Except Taiwanese",616.0
1806,36081046200,Bangladeshi,2601.0
1807,36081046300,"Chinese, Except Taiwanese",1014.0
1808,36081046400,Bangladeshi,155.0
1809,36081046500,Ecuadorian,1900.0
1810,36081046600,Bangladeshi,1335.0
1811,36081046700,Mexican,2904.0
1812,36081046800,Asian Indian,801.0
1813,36081046901,"Chinese, Except Taiwanese",713.0
1814,36081046902,Ecuadorian,999.0
1815,36081047000,Asian Indian,1020.0
1816,36081047100,"Chinese, Except Taiwanese",1089.0
1817,36081047200,Guyanese,304.0
1818,36081047300,"Chinese, Except Taiwanese",1398.0
1819,36081047500,"Chinese, Except Taiwanese",945.0
1820,36081047600,Asian Indian,219.0
1821,36081047801,Asian Indian,395.0
1822,36081047802,W Indians West Indian,406.0
1823,36081047900,"Chinese, Except Taiwanese",1230.0
1824,36081048000,Bangladeshi,450.0
1825,36081048100,Bangladeshi,1191.0
1826,36081048200,Asian Indian,308.0
1827,36081048301,"Chinese, Except Taiwanese",560.0
1828,36081048302,Mexican,662.0
1829,36081048400,Asian Indian,1422.0
1830,36081048500,"Chinese, Except Taiwanese",1562.0
1831,36081048900,"Chinese, Except Taiwanese",577.0
1832,36081049201,W Indians Haitian,935.0
1833,36081049202,Guyanese,473.0
1834,36081049301,"Chinese, Except Taiwanese",722.0
1835,36081049302,"Chinese, Except Taiwanese",610.0
1836,36081049500,Italian,227.0
1837,36081049600,Asian Indian,737.0
1838,36081049700,"Chinese, Except Taiwanese",640.0
1839,36081049900,"Chinese, Except Taiwanese",2397.0
1840,36081050000,W Indians Haitian,553.0
1841,36081050201,W Indians Haitian,188.0
1842,36081050202,W Indians Jamaican,245.0
1843,36081050400,W Indians Haitian,283.0
1844,36081050500,"Chinese, Except Taiwanese",452.0
1845,36081050600,W Indians Haitian,250.0
1846,36081050700,"Chinese, Except Taiwanese",824.0
1847,36081050800,W Indians Jamaican,237.0
1848,36081051000,W Indians Jamaican,316.0
1849,36081051100,Polish,561.0
1850,36081051200,W Indians Haitian,556.0
1851,36081051300,"Chinese, Except Taiwanese",550.0
1852,36081051500,Polish,458.0
1853,36081051600,W Indians Haitian,194.0
1854,36081051700,Polish,710.0
1855,36081051800,W Indians Haitian,297.0
1856,36081052000,W Indians Jamaican,359.0
1857,36081052100,Ecuadorian,409.0
1858,36081052200,W Indians Haitian,302.0
1859,36081052400,W Indians Jamaican,613.0
1860,36081052500,Polish,404.0
1861,36081052600,W Indians Jamaican,425.0
1862,36081052800,W Indians Jamaican,293.0
1863,36081053000,W Indians Jamaican,675.0
1864,36081053100,Polish,1238.0
1865,36081053200,W Indians Jamaican,625.0
1866,36081053401,W Indians Jamaican,387.0
1867,36081053501,Mexican,259.0
1868,36081053502,,
1869,36081053601,Puerto Rican,309.0
1870,36081053800,W Indians Haitian,272.0
1871,36081053901,"Chinese, Except Taiwanese",526.0
1872,36081053902,Polish,83.0
1873,36081054000,W Indians Haitian,807.0
1874,36081054200,Guyanese,1408.0
1875,36081054500,Ecuadorian,851.0
1876,36081054700,Ecuadorian,906.0
1877,36081054800,Asian Indian,671.0
1878,36081054900,Puerto Rican,1205.0
1879,36081055100,Puerto Rican,633.0
1880,36081055200,Asian Indian,605.0
1881,36081055300,Ecuadorian,730.0
1882,36081055400,Asian Indian,601.0
1883,36081055500,Ecuadorian,473.0
1884,36081055600,Bangladeshi,376.0
1885,36081055700,Puerto Rican,545.0
1886,36081055800,Asian Indian,414.0
1887,36081055900,Dominican,185.0
1888,36081056000,Asian Indian,428.0
1889,36081056100,Polish,4.0
1890,36081056200,Asian Indian,214.0
1891,36081056400,Guyanese,268.0
1892,36081056500,Dominican,725.0
1893,36081056600,Guyanese,358.0
1894,36081056700,Dominican,824.0
1895,36081056800,W Indians Haitian,649.0
1896,36081057700,Ecuadorian,947.0
1897,36081057900,Puerto Rican,314.0
1898,36081058000,W Indians Haitian,1160.0
1899,36081058100,Colombian,452.0
1900,36081058200,W Indians Jamaican,1243.0
1901,36081058300,Polish,604.0
1902,36081058500,Polish,606.0
1903,36081058700,Polish,445.0
1904,36081058900,Ecuadorian,631.0
1905,36081059000,W Indians Haitian,234.0
1906,36081059100,Ecuadorian,1131.0
1907,36081059200,W Indians Jamaican,364.0
1908,36081059300,Polish,405.0
1909,36081059400,W Indians Jamaican,382.0
1910,36081059501,Polish,337.0
1911,36081059502,Puerto Rican,458.0
1912,36081059600,Ecuadorian,175.0
1913,36081059800,W Indians Haitian,219.0
1914,36081059900,Dominican,177.0
1915,36081060000,W Indians Jamaican,200.0
1916,36081060100,Polish,690.0
1917,36081060300,Polish,357.0
1918,36081060600,W Indians Jamaican,384.0
1919,36081060701,,
1920,36081060800,W Indians Jamaican,298.0
1921,36081061000,W Indians Jamaican,115.0
1922,36081061200,W Indians Jamaican,506.0
1923,36081061301,Mexican,794.0
1924,36081061302,,
1925,36081061400,W Indians Jamaican,300.0
1926,36081061601,W Indians Jamaican,637.0
1927,36081061602,W Indians Jamaican,141.0
1928,36081061800,W Indians Jamaican,263.0
1929,36081061900,Italian,568.0
1930,36081062000,W Indians Jamaican,146.0
1931,36081062100,Polish,497.0
1932,36081062200,W Indians Jamaican,524.0
1933,36081062300,Italian,284.0
1934,36081062400,,
1935,36081062500,Italian,438.0
1936,36081062600,W Indians Jamaican,733.0
1937,36081062700,Puerto Rican,620.0
1938,36081062900,Italian,314.0
1939,36081063000,W Indians Jamaican,194.0
1940,36081063200,W Indians Jamaican,454.0
1941,36081063301,German,241.0
1942,36081063302,Ecuadorian,342.0
1943,36081063500,Puerto Rican,467.0
1944,36081063700,Italian,437.0
1945,36081063800,W Indians Haitian,885.0
1946,36081063900,Dominican,562.0
1947,36081064101,Polish,502.0
1948,36081064102,,
1949,36081064500,Italian,387.0
1950,36081064600,W Indians West Indian,553.0
1951,36081065000,W Indians Jamaican,609.0
1952,36081065401,W Indians Haitian,426.0
1953,36081065402,,
1954,36081065501,,
1955,36081065600,W Indians Jamaican,987.0
1956,36081065702,Italian,373.0
1957,36081065703,Italian,565.0
1958,36081065900,Italian,327.0
1959,36081066000,W Indians Jamaican,1081.0
1960,36081066100,Italian,362.0
1961,36081066301,"Chinese, Except Taiwanese",515.0
1962,36081066302,,
1963,36081066401,Guyanese,375.0
1964,36081066402,W Indians Haitian,742.0
1965,36081066403,W Indians Jamaican,1146.0
1966,36081066404,,
1967,36081066501,Italian,956.0
1968,36081066701,Italian,790.0
1969,36081066900,Italian,463.0
1970,36081067100,Italian,513.0
1971,36081067700,Irish,479.0
1972,36081067900,Colombian,872.0
1973,36081068000,W Indians Jamaican,1594.0
1974,36081068200,W Indians Jamaican,141.0
1975,36081068300,"Chinese, Except Taiwanese",1170.0
1976,36081068700,"Chinese, Except Taiwanese",694.0
1977,36081069000,W Indians Jamaican,1659.0
1978,36081069300,Colombian,670.0
1979,36081069400,W Indians Jamaican,1185.0
1980,36081069500,"Chinese, Except Taiwanese",693.0
1981,36081069701,"Chinese, Except Taiwanese",837.0
1982,36081069702,"Chinese, Except Taiwanese",1019.0
1983,36081070300,"Chinese, Except Taiwanese",488.0
1984,36081070700,"Chinese, Except Taiwanese",662.0
1985,36081070900,"Chinese, Except Taiwanese",674.0
1986,36081071100,"Chinese, Except Taiwanese",1165.0
1987,36081071303,Russian,1171.0
1988,36081071304,"Chinese, Except Taiwanese",1191.0
1989,36081071305,Mexican,636.0
1990,36081071306,"Chinese, Except Taiwanese",671.0
1991,36081071600,,
1992,36081071701,Albanian,704.0
1993,36081071702,Asian Indian,1064.0
1994,36081071900,Ecuadorian,541.0
1995,36081072100,"Chinese, Except Taiwanese",1089.0
1996,36081072300,"Chinese, Except Taiwanese",472.0
1997,36081072900,"Chinese, Except Taiwanese",473.0
1998,36081073100,"Chinese, Except Taiwanese",392.0
1999,36081073700,"Chinese, Except Taiwanese",289.0
2000,36081073900,"Chinese, Except Taiwanese",567.0
2001,36081074100,"Chinese, Except Taiwanese",459.0
2002,36081074300,"Chinese, Except Taiwanese",602.0
2003,36081074500,Russian,400.0
2004,36081074700,Asian Indian,763.0
2005,36081074900,"Chinese, Except Taiwanese",317.0
2006,36081075701,"Chinese, Except Taiwanese",706.0
2007,36081075702,"Chinese, Except Taiwanese",630.0
2008,36081076901,Polish,562.0
2009,36081076902,Uzbek,479.0
2010,36081077300,Asian Indian,325.0
2011,36081077500,Pakistani,144.0
2012,36081077902,Polish,446.0
2013,36081077903,"Chinese, Except Taiwanese",673.0
2014,36081077904,"Chinese, Except Taiwanese",860.0
2015,36081077905,Filipino,340.0
2016,36081077906,"Chinese, Except Taiwanese",869.0
2017,36081077907,Ecuadorian,309.0
2018,36081077908,Dominican,411.0
2019,36081078800,Guyanese,554.0
2020,36081079000,Guyanese,424.0
2021,36081079200,S African African,189.0
2022,36081079300,,
2023,36081079701,"Chinese, Except Taiwanese",2832.0
2024,36081079702,"Chinese, Except Taiwanese",2783.0
2025,36081079900,"Chinese, Except Taiwanese",1947.0
2026,36081080301,"Chinese, Except Taiwanese",2586.0
2027,36081080302,"Chinese, Except Taiwanese",1424.0
2028,36081080900,"Chinese, Except Taiwanese",1827.0
2029,36081081400,Asian Indian,877.0
2030,36081081800,Asian Indian,1276.0
2031,36081083700,"Chinese, Except Taiwanese",3338.0
2032,36081083800,Asian Indian,1639.0
2033,36081084000,Asian Indian,2060.0
2034,36081084500,"Chinese, Except Taiwanese",2312.0
2035,36081084601,Asian Indian,828.0
2036,36081084602,Dominican,406.0
2037,36081084901,"Chinese, Except Taiwanese",2443.0
2038,36081084902,"Chinese, Except Taiwanese",2809.0
2039,36081085300,"Chinese, Except Taiwanese",3508.0
2040,36081085500,"Chinese, Except Taiwanese",3267.0
2041,36081085700,"Chinese, Except Taiwanese",2797.0
2042,36081085900,"Chinese, Except Taiwanese",4211.0
2043,36081086100,"Chinese, Except Taiwanese",1500.0
2044,36081086300,"Chinese, Except Taiwanese",4361.0
2045,36081086400,Asian Indian,361.0
2046,36081086500,"Chinese, Except Taiwanese",2690.0
2047,36081086900,"Chinese, Except Taiwanese",1211.0
2048,36081087100,"Chinese, Except Taiwanese",3108.0
2049,36081088400,Italian,3751.0
2050,36081088902,"Chinese, Except Taiwanese",3119.0
2051,36081088903,"Chinese, Except Taiwanese",2987.0
2052,36081089201,Italian,5098.0
2053,36081089202,,
2054,36081090700,"Chinese, Except Taiwanese",448.0
2055,36081091602,,
2056,36081091603,Irish,2093.0
2057,36081091604,,
2058,36081091800,Italian,4.0
2059,36081091900,"Chinese, Except Taiwanese",1863.0
2060,36081092200,Irish,783.0
2061,36081092500,"Chinese, Except Taiwanese",969.0
2062,36081092800,Irish,1255.0
2063,36081092900,"Chinese, Except Taiwanese",1616.0
2064,36081093401,Irish,1805.0
2065,36081093402,Irish,1202.0
2066,36081093800,Irish,1221.0
2067,36081093900,"Chinese, Except Taiwanese",1520.0
2068,36081094201,Puerto Rican,506.0
2069,36081094202,Puerto Rican,492.0
2070,36081094203,German,881.0
2071,36081094500,"Chinese, Except Taiwanese",1017.0
2072,36081094700,Dominican,474.0
2073,36081095400,Puerto Rican,1008.0
2074,36081096400,S African African,745.0
2075,36081097202,S African African,388.0
2076,36081097204,Colombian,495.0
2077,36081097205,Ecuadorian,255.0
2078,36081097206,Dominican,494.0
2079,36081097207,,
2080,36081097300,Italian,882.0
2081,36081098100,Italian,342.0
2082,36081098700,Italian,664.0
2083,36081099100,Italian,1440.0
2084,36081099200,Puerto Rican,632.0
2085,36081099701,Italian,872.0
2086,36081099703,"Chinese, Except Taiwanese",627.0
2087,36081099704,Korean,790.0
2088,36081099705,"Chinese, Except Taiwanese",462.0
2089,36081099801,W Indians Jamaican,1032.0
2090,36081099802,W Indians Haitian,703.0
2091,36081099900,,
2092,36081100801,W Indians Haitian,492.0
2093,36081100803,Guatemalan,590.0
2094,36081100804,W Indians Jamaican,807.0
2095,36081101002,Pakistani,794.0
2096,36081101003,Dominican,689.0
2097,36081101004,W Indians Jamaican,584.0
2098,36081101700,Italian,1483.0
2099,36081102900,Italian,752.0
2100,36081103201,Salvadoran,909.0
2101,36081103202,Guatemalan,782.0
2102,36081103300,"Chinese, Except Taiwanese",1296.0
2103,36081103900,"Chinese, Except Taiwanese",1851.0
2104,36081104700,"Chinese, Except Taiwanese",2870.0
2105,36081105900,Italian,1280.0
2106,36081107201,Irish,804.0
2107,36081107202,,
2108,36081108500,Italian,612.0
2109,36081109300,"Chinese, Except Taiwanese",780.0
2110,36081109700,"Chinese, Except Taiwanese",502.0
2111,36081109900,Irish,758.0
2112,36081111300,"Chinese, Except Taiwanese",794.0
2113,36081112300,"Chinese, Except Taiwanese",555.0
2114,36081112900,"Chinese, Except Taiwanese",662.0
2115,36081113300,Italian,384.0
2116,36081113900,"Chinese, Except Taiwanese",942.0
2117,36081114100,Korean,495.0
2118,36081114700,"Chinese, Except Taiwanese",425.0
2119,36081115100,"Chinese, Except Taiwanese",446.0
2120,36081115500,"Chinese, Except Taiwanese",557.0
2121,36081115700,"Chinese, Except Taiwanese",955.0
2122,36081115900,"Chinese, Except Taiwanese",1349.0
2123,36081116100,"Chinese, Except Taiwanese",1185.0
2124,36081116301,"Chinese, Except Taiwanese",1918.0
2125,36081116302,"Chinese, Except Taiwanese",1152.0
2126,36081116700,"Chinese, Except Taiwanese",841.0
2127,36081117100,Korean,866.0
2128,36081117500,"Chinese, Except Taiwanese",1498.0
2129,36081118100,"Chinese, Except Taiwanese",397.0
2130,36081118500,"Chinese, Except Taiwanese",481.0
2131,36081118700,"Chinese, Except Taiwanese",1304.0
2132,36081118900,"Chinese, Except Taiwanese",1086.0
2133,36081119100,"Chinese, Except Taiwanese",1222.0
2134,36081119300,"Chinese, Except Taiwanese",779.0
2135,36081119500,"Chinese, Except Taiwanese",513.0
2136,36081119900,"Chinese, Except Taiwanese",769.0
2137,36081120100,"Chinese, Except Taiwanese",812.0
2138,36081120300,"Chinese, Except Taiwanese",1003.0
2139,36081120500,"Chinese, Except Taiwanese",1498.0
2140,36081120701,"Chinese, Except Taiwanese",824.0
2141,36081120702,,
2142,36081121100,,
2143,36081121500,"Chinese, Except Taiwanese",2039.0
2144,36081122300,"Chinese, Except Taiwanese",1876.0
2145,36081122702,Dominican,1021.0
2146,36081122703,Puerto Rican,1719.0
2147,36081122704,Dominican,1091.0
2148,36081124100,"Chinese, Except Taiwanese",1458.0
2149,36081124700,"Chinese, Except Taiwanese",1555.0
2150,36081125700,"Chinese, Except Taiwanese",589.0
2151,36081126500,"Chinese, Except Taiwanese",328.0
2152,36081126700,Italian,869.0
2153,36081127700,Other S African African,183.0
2154,36081128300,,
2155,36081129102,"Chinese, Except Taiwanese",695.0
2156,36081129103,"Chinese, Except Taiwanese",419.0
2157,36081129104,"Chinese, Except Taiwanese",823.0
2158,36081130100,Asian Indian,690.0
2159,36081133300,"Chinese, Except Taiwanese",992.0
2160,36081133900,"Chinese, Except Taiwanese",289.0
2161,36081134100,"Chinese, Except Taiwanese",1281.0
2162,36081134701,Korean,1109.0
2163,36081134702,"Chinese, Except Taiwanese",1022.0
2164,36081136700,"Chinese, Except Taiwanese",3430.0
2165,36081137700,"Chinese, Except Taiwanese",1989.0
2166,36081138501,"Chinese, Except Taiwanese",1567.0
2167,36081138502,Irish,34.0
2168,36081139900,"Chinese, Except Taiwanese",679.0
2169,36081140300,"Chinese, Except Taiwanese",1348.0
2170,36081140901,"Chinese, Except Taiwanese",266.0
2171,36081140902,"Chinese, Except Taiwanese",1174.0
2172,36081141700,"Chinese, Except Taiwanese",2147.0
2173,36081142900,"Chinese, Except Taiwanese",1619.0
2174,36081143500,"Chinese, Except Taiwanese",956.0
2175,36081144100,"Chinese, Except Taiwanese",830.0
2176,36081144700,"Chinese, Except Taiwanese",1266.0
2177,36081145101,"Chinese, Except Taiwanese",471.0
2178,36081145102,"Chinese, Except Taiwanese",740.0
2179,36081145900,"Chinese, Except Taiwanese",546.0
2180,36081146300,"Chinese, Except Taiwanese",671.0
2181,36081146700,Korean,574.0
2182,36081147100,"Chinese, Except Taiwanese",716.0
2183,36081147900,"Chinese, Except Taiwanese",981.0
2184,36081148300,Italian,400.0
2185,36081150701,"Chinese, Except Taiwanese",725.0
2186,36081150702,"Chinese, Except Taiwanese",1035.0
2187,36081152901,"Chinese, Except Taiwanese",1381.0
2188,36081152902,"Chinese, Except Taiwanese",1884.0
2189,36081155101,Russian,496.0
2190,36081155103,Italian,696.0
2191,36081155104,Asian Indian,1059.0
2192,36081156700,Asian Indian,355.0
2193,36081157101,Asian Indian,2812.0
2194,36081157102,Asian Indian,833.0
2195,36081157901,Asian Indian,2486.0
2196,36081157902,Asian Indian,2041.0
2197,36081157903,Asian Indian,1245.0
2198,36081161700,Asian Indian,729.0
2199,36081162100,Asian Indian,2943.0
2200,36081990100,,
2201,36085000300,Italian,304.0
2202,36085000600,Puerto Rican,358.0
2203,36085000700,Cuban,734.0
2204,36085000800,Italian,721.0
2205,36085000900,Puerto Rican,220.0
2206,36085001100,Puerto Rican,637.0
2207,36085001700,Italian,299.0
2208,36085001800,W Indians Jamaican,90.0
2209,36085002001,Italian,770.0
2210,36085002002,Italian,718.0
2211,36085002100,Puerto Rican,952.0
2212,36085002700,Mexican,672.0
2213,36085002900,Puerto Rican,1304.0
2214,36085003300,Italian,346.0
2215,36085003600,"Chinese, Except Taiwanese",533.0
2216,36085003900,Italian,435.0
2217,36085004001,S African African,545.0
2218,36085004002,"Chinese, Except Taiwanese",569.0
2219,36085004003,S African African,1217.0
2220,36085004004,"Chinese, Except Taiwanese",982.0
2221,36085004700,Italian,640.0
2222,36085005000,"Chinese, Except Taiwanese",1105.0
2223,36085005901,Italian,970.0
2224,36085005902,,
2225,36085006400,Italian,803.0
2226,36085006700,Italian,634.0
2227,36085007001,Italian,683.0
2228,36085007002,Russian,1059.0
2229,36085007400,"Chinese, Except Taiwanese",1262.0
2230,36085007500,Irish,485.0
2231,36085007700,Puerto Rican,336.0
2232,36085008100,Italian,552.0
2233,36085009601,Italian,1037.0
2234,36085009602,Italian,1348.0
2235,36085009701,Irish,581.0
2236,36085009702,Irish,42.0
2237,36085010500,Irish,913.0
2238,36085011201,Italian,1194.0
2239,36085011203,"Chinese, Except Taiwanese",2257.0
2240,36085011204,Ecuadorian,59.0
2241,36085011401,Puerto Rican,889.0
2242,36085011402,Italian,867.0
2243,36085012100,Italian,952.0
2244,36085012200,Italian,2026.0
2245,36085012500,Italian,479.0
2246,36085012804,Italian,1007.0
2247,36085012805,Italian,689.0
2248,36085012806,Italian,1471.0
2249,36085013201,Italian,649.0
2250,36085013203,Italian,2857.0
2251,36085013204,Italian,1951.0
2252,36085013301,Puerto Rican,179.0
2253,36085013302,Puerto Rican,893.0
2254,36085013400,Italian,1258.0
2255,36085013800,Italian,2403.0
2256,36085014100,Irish,292.0
2257,36085014604,Italian,2504.0
2258,36085014605,Italian,2085.0
2259,36085014606,Italian,2358.0
2260,36085014607,Italian,1811.0
2261,36085014608,Italian,1382.0
2262,36085014700,Italian,1149.0
2263,36085015100,Italian,1515.0
2264,36085015400,,
2265,36085015601,Italian,2388.0
2266,36085015602,Italian,1420.0
2267,36085015603,Italian,1819.0
2268,36085016901,Italian,575.0
2269,36085017005,Italian,1963.0
2270,36085017007,Italian,1577.0
2271,36085017009,Italian,2299.0
2272,36085017011,Italian,1624.0
2273,36085017012,Italian,1715.0
2274,36085017013,Italian,981.0
2275,36085017014,Italian,1422.0
2276,36085017015,Italian,1614.0
2277,36085017016,Italian,1500.0
2278,36085017300,Puerto Rican,349.0
2279,36085017600,Italian,2129.0
2280,36085017701,Italian,1107.0
2281,36085017702,Italian,636.0
2282,36085018100,Italian,1270.0
2283,36085018701,Italian,459.0
2284,36085018703,Italian,651.0
2285,36085018704,Asian Indian,696.0
2286,36085018901,Italian,770.0
2287,36085018902,Israeli,814.0
2288,36085019700,Italian,684.0
2289,36085019800,Italian,2882.0
2290,36085020100,Italian,867.0
2291,36085020701,Mexican,1124.0
2292,36085020702,Mexican,763.0
2293,36085020803,Italian,3426.0
2294,36085020804,Italian,2939.0
2295,36085020805,Italian,3279.0
2296,36085020806,Italian,673.0
2297,36085021300,Mexican,1477.0
2298,36085022300,Puerto Rican,393.0
2299,36085022601,Italian,2577.0
2300,36085022602,Italian,510.0
2301,36085022801,Polish,14.0
2302,36085022802,,
2303,36085023100,Puerto Rican,809.0
2304,36085023900,Italian,495.0
2305,36085024401,Italian,2378.0
2306,36085024402,Italian,2093.0
2307,36085024700,Italian,443.0
2308,36085024800,Italian,2100.0
2309,36085025100,Italian,2178.0
2310,36085027301,Italian,792.0
2311,36085027302,Asian Indian,507.0
2312,36085027702,Italian,1296.0
2313,36085027704,"Chinese, Except Taiwanese",1043.0
2314,36085027705,"Chinese, Except Taiwanese",1418.0
2315,36085027706,Israeli,426.0
2316,36085027900,Italian,811.0
2317,36085029102,Italian,857.0
2318,36085029104,Italian,1747.0
2319,36085029105,Italian,1257.0
2320,36085029106,Italian,862.0
2321,36085030301,Italian,1322.0
2322,36085030302,Puerto Rican,1274.0
2323,36085031901,Puerto Rican,1311.0
2324,36085031902,Puerto Rican,764.0
2325,36085032300,Puerto Rican,278.0
2326,36085990100,,
